{"type":"FeatureCollection","features":[{"type":"Feature","properties":{"codigo_ibge":"1500107","municipio":"Abaetetuba"},"geometry":{"type":"Polygon","coordinates":[[[-49.1545,-1.7018],[-49.1014,-1.762],[-49.1131,-1.8019],[-49.0738,-1.819],[-49.0455,-1.8147],[-48.9965,-1.8441],[-48.9755,-1.8746],[-48.9798,-1.8965],[-48.9058,-1.9566],[-48.5304,-1.6993],[-48.6603,-1.6923],[-48.7021,-1.6807],[-48.7434,-1.614],[-48.7656,-1.6016],[-48.8044,-1.6082],[-48.8182,-1.5942],[-48.8374,-1.5214],[-48.9476,-1.551],[-49.0126,-1.5732],[-49.0638,-1.6115],[-49.1313,-1.6848],[-49.1545,-1.7018]]]}},{"type":"Feature","properties":{"codigo_ibge":"1500131","municipio":"Abel Figueiredo"},"geometry":{"type":"Polygon","coordinates":[[[-48.1946,-4.911],[-48.2703,-4.9235],[-48.3388,-4.8848],[-48.3777,-4.8811],[-48.4264,-4.8625],[-48.455,-4.8932],[-48.4934,-4.8591],[-48.5065,-4.8237],[-48.5492,-4.8289],[-48.6129,-4.8138],[-48.5267,-4.9229],[-48.5305,-5.0005],[-48.5048,-5.0658],[-48.4825,-5.0954],[-48.4519,-5.1122],[-48.2124,-4.9249],[-48.1946,-4.911]]]}},{"type":"Feature","properties":{"codigo_ibge":"1500206","municipio":"Acará"},"geometry":{"type":"Polygon","coordinates":[[[-48.3318,-1.4669],[-48.4104,-1.5094],[-48.5063,-1.5266],[-48.4415,-1.6558],[-48.4512,-1.7948],[-48.472,-1.8376],[-48.465,-1.8756],[-48.4918,-1.909],[-48.511,-1.9779],[-48.5431,-2.0225],[-48.5853,-2.0465],[-48.5972,-2.1002],[-48.6228,-2.1213],[-48.6309,-2.1562],[-48.6849,-2.1948],[-48.7105,-2.1967],[-48.7098,-2.2368],[-48.7465,-2.2615],[-48.7477,-2.2874],[-48.7876,-2.3233],[-48.8037,-2.3777],[-48.8593,-2.3917],[-48.8784,-2.4999],[-48.8603,-2.5346],[-48.8555,-2.5789],[-48.8282,-2.6015],[-48.8156,-2.5641],[-48.8246,-2.5356],[-48.8084,-2.5005],[-48.7548,-2.4308],[-48.7373,-2.4317],[-48.6965,-2.3978],[-48.6865,-2.432],[-48.6941,-2.4677],[-48.6284,-2.4513],[-48.5939,-2.4828],[-48.5674,-2.4832],[-48.4954,-2.559],[-48.5122,-2.5196],[-48.4971,-2.5084],[-48.4982,-2.4532],[-48.4838,-2.4106],[-48.4585,-2.3902],[-48.4577,-2.3232],[-48.4415,-2.2952],[-48.4109,-2.2879],[-48.379,-2.2607],[-48.3719,-2.2347],[-48.3298,-2.1777],[-48.2873,-2.1887],[-48.257,-2.2102],[-48.2422,-2.1857],[-48.1805,-2.1615],[-48.1639,-2.1266],[-48.1258,-2.1228],[-48.1012,-2.0965],[-48.0538,-2.0845],[-48.0763,-2.0422],[-48.0429,-1.9295],[-48.0783,-1.8297],[-48.1091,-1.8181],[-48.1366,-1.7729],[-48.1745,-1.7743],[-48.1785,-1.7303],[-48.2007,-1.6938],[-48.2278,-1.6942],[-48.2312,-1.6312],[-48.2912,-1.5655],[-48.2756,-1.5413],[-48.2997,-1.4916],[-48.293,-1.4705],[-48.3318,-1.4669]]]}},{"type":"Feature","properties":{"codigo_ibge":"1500305","municipio":"Afuá"},"geometry":{"type":"Polygon","coordinates":[[[-51.0945,-0.6616],[-51.0448,-0.6533],[-51.0111,-0.6309],[-50.9581,-0.5744],[-50.7658,-0.5071],[-50.7107,-0.557],[-50.6842,-0.6224],[-50.6245,-0.6436],[-50.6052,-0.6699],[-50.5416,-0.6725],[-50.4768,-0.7238],[-50.4616,-0.6842],[-50.4059,-0.7009],[-50.4063,-0.6649],[-50.387,-0.6393],[-50.3274,-0.6331],[-50.3187,-0.5853],[-50.3338,-0.5647],[-50.3202,-0.5365],[-50.3226,-0.4947],[-50.2883,-0.4719],[-50.287,-0.4292],[-50.2713,-0.401],[-50.2725,-0.3564],[-50.2336,-0.3128],[-50.1072,-0.4709],[-50.196,-0.2135],[-50.2987,-0.1016],[-50.2988,-0.0683],[-50.3318,-0.0131],[-50.3802,0.0257],[-50.3957,0.0505],[-50.413,0.1125],[-50.4329,0.1496],[-50.4709,0.1775],[-50.523,0.1884],[-50.5997,0.2494],[-50.6448,0.2087],[-50.6682,0.185],[-50.7435,0.1305],[-50.7848,0.1121],[-50.9211,0.0761],[-50.9748,0.0418],[-51.0689,-0.0791],[-51.1184,-0.0975],[-51.2081,-0.117],[-51.235,-0.1436],[-51.3025,-0.2526],[-51.3478,-0.2996],[-51.3625,-0.3681],[-51.4237,-0.4366],[-51.4325,-0.4733],[-51.3719,-0.464],[-51.2922,-0.4344],[-51.2295,-0.4291],[-51.1551,-0.4025],[-51.1435,-0.4207],[-51.1503,-0.4862],[-51.1809,-0.5056],[-51.1447,-0.5479],[-51.1044,-0.5411],[-51.0929,-0.5629],[-51.1218,-0.6252],[-51.0945,-0.6616]]]}},{"type":"Feature","properties":{"codigo_ibge":"1500347","municipio":"Água Azul do Norte"},"geometry":{"type":"Polygon","coordinates":[[[-51.0369,-6.4751],[-51.0622,-6.524],[-51.0481,-6.5559],[-51.0098,-6.5908],[-51.0127,-6.6365],[-50.9944,-6.6665],[-50.9473,-6.6983],[-50.9013,-6.7102],[-50.8972,-6.7473],[-50.8571,-6.7656],[-50.8277,-6.8278],[-50.7538,-6.8736],[-50.7535,-6.9336],[-50.7648,-6.9949],[-50.7349,-6.999],[-50.6508,-7.042],[-50.6479,-7.0565],[-50.5628,-7.0763],[-50.5384,-7.0977],[-50.5311,-7.1422],[-50.5091,-7.193],[-50.4927,-7.1932],[-50.4275,-7.2304],[-50.4021,-7.2214],[-50.3764,-7.2528],[-50.0711,-7.0002],[-49.733,-6.7175],[-49.7298,-6.7147],[-49.738,-6.6764],[-49.7911,-6.6423],[-49.815,-6.6606],[-49.8437,-6.6585],[-49.9578,-6.5906],[-49.9977,-6.55],[-50.0705,-6.538],[-50.1359,-6.58],[-50.2077,-6.5883],[-50.2319,-6.5766],[-50.2693,-6.5962],[-50.3011,-6.6288],[-50.3129,-6.5824],[-50.354,-6.5356],[-50.3639,-6.4808],[-50.4048,-6.4782],[-50.4196,-6.5103],[-50.4825,-6.5138],[-50.5224,-6.5084],[-50.5425,-6.5316],[-50.59,-6.522],[-50.6027,-6.536],[-50.716,-6.5419],[-50.7241,-6.4939],[-50.7579,-6.4976],[-50.7637,-6.46],[-50.7913,-6.4352],[-50.8266,-6.3759],[-50.8221,-6.3214],[-50.8003,-6.3068],[-50.8166,-6.272],[-50.8498,-6.2918],[-50.8932,-6.3004],[-50.9391,-6.3292],[-50.9471,-6.3726],[-50.9362,-6.405],[-50.9636,-6.4314],[-51.0259,-6.4572],[-51.0369,-6.4751]]]}},{"type":"Feature","properties":{"codigo_ibge":"1500404","municipio":"Alenquer"},"geometry":{"type":"Polygon","coordinates":[[[-55.4134,-1.3991],[-55.3864,-1.4238],[-55.3371,-1.4456],[-55.317,-1.4434],[-55.2848,-1.4701],[-55.2662,-1.4632],[-55.2224,-1.4963],[-55.1988,-1.4858],[-55.1766,-1.5357],[-55.0814,-1.6344],[-55.0563,-1.6948],[-55.0745,-1.7579],[-55.0168,-1.7936],[-54.9496,-1.814],[-54.931,-1.839],[-54.9508,-1.9028],[-54.9809,-1.9142],[-54.966,-1.9639],[-54.9021,-1.9632],[-54.8698,-1.9761],[-54.9485,-2.0166],[-55.0044,-2.0338],[-55.0346,-2.0692],[-55.064,-2.1405],[-55.0949,-2.1669],[-54.9888,-2.1616],[-54.9395,-2.1323],[-54.888,-2.1291],[-54.8429,-2.1416],[-54.7843,-2.1175],[-54.7388,-2.0715],[-54.6927,-2.0827],[-54.6161,-2.0781],[-54.5514,-2.0886],[-54.5123,-2.1094],[-54.5117,-2.0725],[-54.535,-2.059],[-54.4945,-2.0173],[-54.4727,-1.9621],[-54.4437,-1.9166],[-54.4091,-1.8843],[-54.4197,-1.8233],[-54.389,-1.7994],[-54.3992,-1.7754],[-54.3959,-1.7227],[-54.3621,-1.7211],[-54.3675,-1.6695],[-54.3826,-1.6385],[-54.3665,-1.6069],[-54.3771,-1.5581],[-54.4093,-1.5339],[-54.4367,-1.493],[-54.459,-1.4931],[-54.5023,-1.5179],[-54.5541,-1.5209],[-54.5745,-1.484],[-54.6102,-1.4751],[-54.6453,-1.4294],[-54.6302,-1.4022],[-54.6362,-1.361],[-54.6241,-1.2562],[-54.6712,-1.2496],[-54.6937,-1.2195],[-54.6987,-1.1787],[-54.686,-1.1564],[-54.6883,-1.0938],[-54.6662,-1.0232],[-54.6155,-1.0088],[-54.6016,-0.9478],[-54.6053,-0.8818],[-54.6472,-0.8581],[-54.6572,-0.7995],[-54.6769,-0.7638],[-54.6909,-0.6958],[-54.6772,-0.6214],[-54.7549,-0.5659],[-54.7978,-0.5097],[-54.7995,-0.4798],[-54.8232,-0.4298],[-54.8179,-0.3832],[-54.8578,-0.374],[-54.8953,-0.2836],[-54.9257,-0.254],[-54.9154,-0.2228],[-54.9236,-0.159],[-54.9105,-0.0981],[-54.8699,-0.0537],[-54.8686,-0.0141],[-54.8523,0.0275],[-54.8903,0.0491],[-54.8998,0.0897],[-54.9257,0.1418],[-54.9033,0.1761],[-54.8999,0.2458],[-54.9048,0.3283],[-54.8621,0.3725],[-54.8473,0.4333],[-54.8603,0.4765],[-54.9365,0.5037],[-55.0011,0.4821],[-55.0076,0.5078],[-54.9764,0.5742],[-54.9897,0.599],[-55.0283,0.606],[-55.0667,0.6536],[-55.0497,0.6809],[-55.0586,0.7172],[-55.0349,0.7297],[-55.023,0.7851],[-55.0329,0.8087],[-55.0213,0.8584],[-55.0274,0.886],[-55.0889,0.9264],[-55.0899,0.9503],[-55.0647,1.0004],[-55.1024,1.0631],[-55.1453,1.0538],[-55.2165,1.0734],[-55.2293,1.0914],[-55.207,1.1433],[-55.2035,1.1977],[-55.2609,1.2318],[-55.2434,1.2652],[-55.247,1.3289],[-55.2848,1.3712],[-55.3126,1.3808],[-55.3426,1.4519],[-55.3308,1.4766],[-55.3668,1.4964],[-55.3612,1.5458],[-55.4136,1.5457],[-55.4134,1.0008],[-55.4135,0.7896],[-55.4136,0.213],[-55.4136,-0.3736],[-55.4136,-0.9199],[-55.4134,-1.3991]]]}},{"type":"Feature","properties":{"codigo_ibge":"1500503","municipio":"Almeirim"},"geometry":{"type":"Polygon","coordinates":[[[-52.9998,-1.7434],[-52.9392,-1.6563],[-52.8109,-1.6311],[-52.6827,-1.5843],[-52.6416,-1.5787],[-52.4155,-1.5632],[-52.2895,-1.5243],[-52.2519,-1.5041],[-52.2302,-1.486],[-52.1116,-1.4701],[-52.0618,-1.4497],[-51.9911,-1.4351],[-51.9558,-1.406],[-51.9097,-1.353],[-51.8909,-1.3095],[-51.8891,-1.275],[-51.8627,-1.2423],[-51.7907,-1.1986],[-51.7784,-1.1404],[-51.8091,-1.1571],[-51.882,-1.1663],[-51.9229,-1.133],[-51.9494,-1.1688],[-51.987,-1.1645],[-52.0551,-1.1769],[-52.0476,-1.2143],[-52.0705,-1.236],[-52.111,-1.215],[-52.1068,-1.1831],[-52.1203,-1.1462],[-52.1467,-1.1488],[-52.1789,-1.1296],[-52.2147,-1.135],[-52.333,-1.1159],[-52.3582,-1.0626],[-52.4168,-1.0256],[-52.4187,-0.9722],[-52.4387,-0.9436],[-52.4047,-0.9127],[-52.4124,-0.8627],[-52.4555,-0.8303],[-52.5111,-0.8567],[-52.5418,-0.8365],[-52.517,-0.809],[-52.5182,-0.7755],[-52.4974,-0.7113],[-52.5104,-0.6792],[-52.5132,-0.6196],[-52.5352,-0.5741],[-52.5763,-0.5764],[-52.613,-0.5949],[-52.64,-0.5849],[-52.6954,-0.4964],[-52.7027,-0.4592],[-52.6792,-0.4237],[-52.6973,-0.3929],[-52.6818,-0.34],[-52.6842,-0.3143],[-52.7544,-0.2622],[-52.7604,-0.2376],[-52.8361,-0.1861],[-52.8515,-0.1502],[-52.904,-0.1549],[-52.9327,-0.1423],[-52.969,-0.0498],[-52.9834,0.0334],[-53.015,0.0597],[-53.0521,0.1573],[-53.0943,0.1953],[-53.1059,0.2373],[-53.0941,0.259],[-53.1314,0.2962],[-53.1365,0.326],[-53.1753,0.3817],[-53.1612,0.3985],[-53.1698,0.4937],[-53.1521,0.5319],[-53.1473,0.6003],[-53.1227,0.6301],[-53.1057,0.6795],[-53.1469,0.6998],[-53.1574,0.7291],[-53.1903,0.7684],[-53.2551,0.8092],[-53.2875,0.8457],[-53.4115,0.9293],[-53.4108,0.982],[-53.4268,0.9924],[-53.4223,1.0337],[-53.4558,1.0774],[-53.4592,1.1337],[-53.4444,1.1513],[-53.4021,1.154],[-53.3961,1.1793],[-53.4261,1.2259],[-53.4737,1.2393],[-53.5252,1.2117],[-53.5463,1.2285],[-53.5233,1.2613],[-53.5527,1.2803],[-53.5626,1.3066],[-53.5385,1.3409],[-53.5952,1.3582],[-53.6332,1.3474],[-53.6649,1.3752],[-53.7015,1.3779],[-53.7837,1.4029],[-53.8236,1.3896],[-53.8878,1.4078],[-53.8773,1.4317],[-53.896,1.4551],[-53.9671,1.4844],[-54.0018,1.4836],[-54.0203,1.5158],[-54.0692,1.501],[-54.0988,1.5505],[-54.1019,1.5843],[-54.1437,1.6406],[-54.2009,1.6456],[-54.2627,1.6884],[-54.2696,1.7048],[-54.3517,1.7541],[-54.4572,1.7583],[-54.4959,1.7469],[-54.5305,1.7671],[-54.6019,1.7846],[-54.6436,1.7686],[-54.7448,1.7758],[-54.7544,1.7978],[-54.7385,1.8248],[-54.7702,1.9257],[-54.756,1.9742],[-54.8038,2.0258],[-54.8063,2.1389],[-54.7679,2.1809],[-54.7631,2.2023],[-54.8114,2.2664],[-54.7962,2.318],[-54.8076,2.3417],[-54.8747,2.4153],[-54.8723,2.4337],[-54.9354,2.5186],[-54.9543,2.5837],[-55.0038,2.591],[-55.1031,2.5257],[-55.1235,2.5677],[-55.1729,2.5594],[-55.2348,2.5035],[-55.3203,2.5155],[-55.3562,2.4757],[-55.3456,2.4481],[-55.3854,2.4185],[-55.4294,2.439],[-55.4998,2.4433],[-55.5707,2.4236],[-55.5779,2.4355],[-55.6423,2.4161],[-55.6984,2.4216],[-55.7077,2.4032],[-55.6899,2.3403],[-55.6588,2.2657],[-55.6274,2.2226],[-55.6073,2.1636],[-55.615,2.1355],[-55.5562,2.1023],[-55.5547,2.0787],[-55.5124,2.0569],[-55.517,2.0231],[-55.5836,1.9596],[-55.5857,1.8995],[-55.5513,1.8667],[-55.4619,1.8281],[-55.439,1.7667],[-55.455,1.7207],[-55.4276,1.6686],[-55.4321,1.6435],[-55.4699,1.585],[-55.4454,1.5528],[-55.4136,1.5457],[-55.3612,1.5458],[-55.3668,1.4964],[-55.3308,1.4766],[-55.3426,1.4519],[-55.3126,1.3808],[-55.2848,1.3712],[-55.247,1.3289],[-55.2434,1.2652],[-55.2609,1.2318],[-55.2035,1.1977],[-55.207,1.1433],[-55.2293,1.0914],[-55.2165,1.0734],[-55.1453,1.0538],[-55.1024,1.0631],[-55.0647,1.0004],[-55.0899,0.9503],[-55.0889,0.9264],[-55.0274,0.886],[-55.0213,0.8584],[-55.0329,0.8087],[-55.023,0.7851],[-55.0349,0.7297],[-55.0586,0.7172],[-55.0497,0.6809],[-55.0667,0.6536],[-55.0283,0.606],[-54.9897,0.599],[-54.9764,0.5742],[-55.0076,0.5078],[-55.0011,0.4821],[-54.9365,0.5037],[-54.8603,0.4765],[-54.8473,0.4333],[-54.8621,0.3725],[-54.8457,0.3549],[-54.8138,0.3577],[-54.7969,0.3295],[-54.7452,0.3044],[-54.6842,0.2449],[-54.6407,0.1336],[-54.6022,0.1383],[-54.5361,0.0868],[-54.4469,0.0857],[-54.4423,0.0508],[-54.4044,0.0339],[-54.3879,-0.0079],[-54.4017,-0.0718],[-54.4347,-0.0699],[-54.4236,-0.1116],[-54.3824,-0.1702],[-54.3685,-0.2233],[-54.3902,-0.2525],[-54.35,-0.2986],[-54.3191,-0.3577],[-54.3287,-0.3957],[-54.3227,-0.4291],[-54.3437,-0.4453],[-54.3198,-0.4708],[-54.2712,-0.4909],[-54.2332,-0.4781],[-54.2139,-0.5185],[-54.1833,-0.5351],[-54.1799,-0.5956],[-54.1238,-0.5856],[-54.1298,-0.618],[-54.0881,-0.6086],[-54.0667,-0.629],[-54.0256,-0.6296],[-54.0292,-0.6622],[-54.071,-0.7829],[-54.1235,-0.8276],[-54.1214,-0.8491],[-54.078,-0.8896],[-54.035,-0.9017],[-53.9594,-0.9945],[-53.9149,-0.9968],[-53.8172,-0.9511],[-53.7962,-0.9501],[-53.7272,-0.9795],[-53.7059,-0.9809],[-53.6841,-1.0165],[-53.6754,-1.0915],[-53.6283,-1.1534],[-53.6329,-1.1881],[-53.5644,-1.2229],[-53.5503,-1.2615],[-53.4952,-1.3418],[-53.4845,-1.4324],[-53.4641,-1.4545],[-53.3831,-1.6258],[-53.3612,-1.688],[-53.3536,-1.7489],[-53.3109,-1.7688],[-53.2162,-1.7586],[-53.118,-1.7811],[-53.0473,-1.7688],[-52.9998,-1.7434]]]}},{"type":"Feature","properties":{"codigo_ibge":"1500602","municipio":"Altamira"},"geometry":{"type":"Polygon","coordinates":[[[-52.0511,-5.1514],[-52.0734,-5.1368],[-52.0728,-5.0966],[-52.0429,-5.016],[-52.0825,-4.911],[-52.1159,-4.8927],[-52.0941,-4.8269],[-52.0893,-4.7406],[-52.08,-4.6778],[-52.0503,-4.6366],[-52.0067,-4.6231],[-51.9573,-4.5779],[-51.9244,-4.5108],[-51.8806,-4.4612],[-51.8637,-4.4285],[-51.8291,-4.4363],[-51.7728,-4.4739],[-51.7179,-4.4552],[-51.6623,-4.4088],[-51.672,-4.3704],[-51.7012,-4.372],[-51.7048,-4.3284],[-51.7538,-4.3224],[-51.801,-4.3361],[-51.8333,-4.2857],[-51.8167,-4.2328],[-51.8401,-4.2151],[-51.8755,-4.2368],[-51.8927,-4.2774],[-51.9151,-4.2636],[-51.9288,-4.2125],[-52.0101,-4.1772],[-52.057,-4.1244],[-52.0672,-4.0747],[-52.1225,-4.0659],[-52.1473,-4.0904],[-52.1639,-4.06],[-52.2768,-4.032],[-52.3285,-4.0113],[-52.3371,-3.9884],[-52.2906,-3.9708],[-52.2782,-3.952],[-52.287,-3.9077],[-52.2809,-3.8755],[-52.2986,-3.848],[-52.3026,-3.7505],[-52.2575,-3.704],[-52.2238,-3.7001],[-52.2042,-3.6419],[-52.1681,-3.564],[-52.1108,-3.5596],[-52.0604,-3.5275],[-52.0362,-3.4975],[-51.9921,-3.5018],[-51.9581,-3.477],[-51.9512,-3.4138],[-51.9762,-3.3903],[-52.0587,-3.2666],[-52.0822,-3.2573],[-52.1159,-3.2201],[-52.1299,-3.1761],[-52.1671,-3.15],[-52.1629,-3.1166],[-52.2201,-3.0659],[-52.2281,-2.9989],[-52.2594,-2.9897],[-52.2981,-3.0337],[-52.3445,-3.0546],[-52.3593,-3.0755],[-52.37,-3.1192],[-52.3944,-3.131],[-52.3998,-3.1611],[-52.4406,-3.1635],[-52.483,-3.2242],[-52.4969,-3.2637],[-52.4992,-3.3661],[-52.471,-3.4121],[-52.4031,-3.436],[-52.3755,-3.4894],[-52.381,-3.5331],[-52.4252,-3.5731],[-52.4465,-3.6142],[-52.4519,-3.6628],[-52.4891,-3.6952],[-52.5491,-3.7196],[-52.5651,-3.7501],[-52.6134,-3.7831],[-52.6493,-3.8207],[-52.6984,-3.819],[-52.7274,-3.8409],[-52.7569,-3.8403],[-52.7887,-3.8579],[-52.8348,-3.8524],[-52.8624,-3.8208],[-52.9318,-3.8764],[-52.9381,-3.9089],[-52.99,-3.9215],[-53.0021,-3.9355],[-53.0453,-3.9256],[-53.0709,-3.8979],[-53.0961,-3.8965],[-53.1236,-3.8642],[-53.1636,-3.8585],[-53.1676,-3.8081],[-53.2083,-3.7859],[-53.209,-3.7452],[-53.1717,-3.7161],[-53.179,-3.6737],[-53.2456,-3.7356],[-53.2364,-3.7898],[-53.2679,-3.8223],[-53.3243,-3.8452],[-53.3349,-3.8724],[-53.4082,-3.9013],[-53.4308,-3.9273],[-53.4189,-3.9549],[-53.4364,-3.9764],[-53.4831,-3.9619],[-53.5191,-3.9653],[-53.5245,-4.0091],[-53.5063,-4.0555],[-53.5711,-4.0832],[-53.5763,-4.1049],[-53.6372,-4.1134],[-53.6401,-4.096],[-53.7578,-4.1186],[-53.843,-4.1499],[-53.8524,-4.1971],[-53.9024,-4.1829],[-53.9462,-4.2197],[-53.9867,-4.2153],[-53.9869,-4.2427],[-54.0238,-4.2669],[-54.0483,-4.2496],[-54.0431,-4.2191],[-54.1001,-4.2319],[-54.1709,-4.1907],[-54.2001,-4.2028],[-54.2258,-4.3044],[-54.3017,-4.3123],[-54.3048,-4.2805],[-54.3666,-4.2646],[-54.3912,-4.2952],[-54.4133,-4.2911],[-54.451,-4.2433],[-54.4897,-4.2514],[-54.5164,-4.2802],[-54.5343,-4.3333],[-54.5031,-4.3585],[-54.5819,-4.3933],[-54.643,-4.3267],[-54.6747,-4.316],[-54.7238,-4.3841],[-54.7356,-4.4245],[-54.7968,-4.4637],[-54.8131,-4.4284],[-54.8419,-4.4102],[-54.8559,-4.44],[-54.9013,-4.4602],[-54.9295,-4.4902],[-54.9202,-4.5373],[-54.9809,-4.5916],[-55.0048,-4.5782],[-55.0578,-4.599],[-55.1283,-4.604],[-55.1553,-4.6417],[-55.2224,-4.6428],[-55.2687,-4.6671],[-55.3099,-4.6652],[-55.3384,-4.6302],[-55.379,-4.6392],[-55.4607,-4.609],[-55.4978,-4.6204],[-55.4929,-4.6501],[-55.4655,-4.6909],[-55.4828,-4.7357],[-55.5291,-4.7971],[-55.4817,-4.8159],[-55.446,-4.8418],[-55.4283,-4.9332],[-55.4121,-4.9418],[-55.3634,-5.0141],[-55.3573,-5.0536],[-55.3863,-5.0734],[-55.3891,-5.1045],[-55.4243,-5.1239],[-55.4502,-5.1779],[-55.5935,-5.1962],[-55.574,-5.2321],[-55.6138,-5.2318],[-55.6239,-5.2523],[-55.5823,-5.2967],[-55.5483,-5.285],[-55.5035,-5.2977],[-55.4897,-5.3166],[-55.4749,-5.3829],[-55.4162,-5.4198],[-55.3904,-5.3886],[-55.3487,-5.383],[-55.3136,-5.4314],[-55.3206,-5.4508],[-55.2799,-5.5156],[-55.2716,-5.5489],[-55.2819,-5.5805],[-55.2692,-5.6157],[-55.2211,-5.7013],[-55.212,-5.7377],[-55.0875,-5.8461],[-55.0474,-5.9245],[-55.0243,-5.9362],[-55.044,-6.0112],[-55.0706,-6.0088],[-55.1332,-6.0392],[-55.1665,-6.0802],[-55.1998,-6.0974],[-55.2501,-6.0796],[-55.3214,-6.0415],[-55.339,-6.0965],[-55.3224,-6.1394],[-55.2953,-6.1745],[-55.3318,-6.1977],[-55.3353,-6.2492],[-55.3024,-6.3135],[-55.2426,-6.3555],[-55.2553,-6.4418],[-55.192,-6.5485],[-55.1955,-6.6033],[-55.1752,-6.6268],[-55.1882,-6.6587],[-55.1673,-6.6854],[-55.1907,-6.7723],[-55.2041,-6.7737],[-55.203,-6.8365],[-55.2206,-6.8476],[-55.1939,-6.8911],[-55.2359,-6.9285],[-55.2261,-6.9719],[-55.2518,-6.9791],[-55.24,-7.1087],[-55.2525,-7.1593],[-55.1996,-7.2453],[-55.1973,-7.2988],[-55.2103,-7.3307],[-55.193,-7.3526],[-55.2104,-7.3983],[-55.1519,-7.4387],[-55.1759,-7.4578],[-55.1472,-7.4907],[-55.1085,-7.4875],[-55.0865,-7.52],[-55.0647,-7.5258],[-55.0641,-7.5878],[-55.0796,-7.654],[-55.1121,-7.6953],[-55.0791,-7.7284],[-55.0153,-7.752],[-55.007,-7.8172],[-55.041,-7.8315],[-55.0876,-7.8771],[-55.064,-7.9335],[-55.0817,-7.965],[-55.1141,-7.9706],[-55.1443,-8.0045],[-55.1275,-8.0618],[-55.1723,-8.1138],[-55.213,-8.1426],[-55.2025,-8.1687],[-55.2376,-8.2327],[-55.2001,-8.2829],[-55.2153,-8.3034],[-55.1949,-8.3471],[-55.2144,-8.3816],[-55.1901,-8.421],[-55.208,-8.475],[-55.1774,-8.5148],[-55.166,-8.553],[-55.1712,-8.6324],[-55.1198,-8.6597],[-55.0686,-8.7182],[-55.0895,-8.7759],[-55.1189,-8.7732],[-55.1514,-8.7426],[-55.1768,-8.7013],[-55.2084,-8.7323],[-55.2577,-8.7164],[-55.2709,-8.7378],[-55.2355,-8.7812],[-55.2419,-8.8269],[-55.222,-8.8467],[-55.1784,-8.8428],[-55.1825,-8.8687],[-55.1612,-8.9145],[-55.1725,-8.9667],[-55.1185,-8.9867],[-55.1116,-9.0381],[-54.9836,-9.0529],[-54.9444,-9.0511],[-54.8741,-9.0634],[-54.8109,-9.0918],[-54.7511,-9.1095],[-54.7178,-9.1557],[-54.6813,-9.1529],[-54.6747,-9.1864],[-54.7107,-9.2104],[-54.72,-9.2395],[-54.7723,-9.3001],[-54.7323,-9.3165],[-54.7178,-9.3728],[-54.684,-9.405],[-54.6713,-9.4854],[-54.6324,-9.5029],[-54.6135,-9.5358],[-54.1068,-9.5719],[-53.5891,-9.611],[-53.1334,-9.6452],[-53.1125,-9.5524],[-53.0567,-9.5305],[-53.0425,-9.4773],[-52.9951,-9.4753],[-52.9396,-9.4214],[-52.9226,-9.3804],[-52.9752,-9.2441],[-52.9722,-9.2103],[-53.023,-9.1567],[-53.0813,-9.1434],[-53.0848,-9.1161],[-53.0161,-9.0644],[-53.0382,-9.0422],[-53.052,-9.0029],[-53.0401,-8.9751],[-53.0552,-8.954],[-53.0175,-8.9225],[-52.9926,-8.8508],[-52.9991,-8.8043],[-53.0352,-8.7518],[-53.0369,-8.7286],[-53.0063,-8.7048],[-52.9319,-8.73],[-52.9436,-8.6874],[-52.9289,-8.6296],[-52.8967,-8.6276],[-52.8883,-8.5833],[-52.9147,-8.5316],[-52.9206,-8.4958],[-52.9455,-8.4866],[-52.9552,-8.4413],[-52.9199,-8.4345],[-52.9166,-8.4136],[-52.9432,-8.3878],[-52.9412,-8.3467],[-52.9796,-8.3379],[-52.9907,-8.3075],[-52.9631,-8.2365],[-52.9396,-8.2059],[-52.9253,-8.1626],[-52.9654,-8.1215],[-52.9562,-8.0711],[-53.0098,-7.9978],[-53.0376,-7.9305],[-53.0661,-7.9121],[-53.0274,-7.8814],[-53.0306,-7.86],[-52.9921,-7.8277],[-52.9959,-7.7967],[-53.0347,-7.776],[-53.0373,-7.7214],[-53.0581,-7.6878],[-53.1001,-7.6821],[-53.1129,-7.6288],[-53.1681,-7.5539],[-53.1384,-7.5465],[-53.0924,-7.4776],[-53.1243,-7.4458],[-53.1201,-7.3955],[-53.1476,-7.3988],[-53.1784,-7.3804],[-53.1654,-7.3571],[-53.2349,-7.2985],[-53.2814,-7.2327],[-53.3154,-7.203],[-53.2717,-7.1594],[-53.2537,-7.1146],[-53.3076,-7.0746],[-53.3174,-7.0275],[-53.2788,-6.9656],[-53.2826,-6.937],[-53.3116,-6.9161],[-53.2888,-6.865],[-53.248,-6.8315],[-53.2473,-6.7869],[-53.2741,-6.7675],[-53.3442,-6.7494],[-53.3685,-6.7233],[-53.3949,-6.7176],[-53.4279,-6.6738],[-53.4496,-6.6861],[-53.4685,-6.6347],[-53.4669,-6.6103],[-53.4419,-6.5616],[-53.4072,-6.5618],[-53.3739,-6.594],[-53.3424,-6.553],[-53.3143,-6.4995],[-53.3256,-6.4767],[-53.2967,-6.4583],[-53.2574,-6.4651],[-53.2374,-6.5004],[-53.2146,-6.4695],[-53.1818,-6.4587],[-53.2131,-6.4244],[-53.1912,-6.4006],[-53.2265,-6.295],[-53.2602,-6.2893],[-53.2672,-6.2543],[-53.3069,-6.1657],[-53.3514,-6.1719],[-53.3409,-6.1319],[-53.3712,-6.1177],[-53.3827,-6.0816],[-53.369,-6.058],[-53.271,-6.0198],[-53.2792,-5.9818],[-53.2183,-5.9428],[-53.2024,-5.9586],[-53.1491,-5.9378],[-53.1094,-5.872],[-53.0591,-5.8861],[-53.0195,-5.8569],[-52.9759,-5.8451],[-52.9522,-5.7986],[-52.9319,-5.7912],[-52.9394,-5.744],[-52.8962,-5.7057],[-52.8514,-5.7101],[-52.8322,-5.6899],[-52.8023,-5.7157],[-52.7715,-5.7223],[-52.7427,-5.684],[-52.6902,-5.6537],[-52.6992,-5.6231],[-52.6828,-5.582],[-52.6919,-5.5163],[-52.6727,-5.4759],[-52.6727,-5.4331],[-52.6442,-5.3966],[-52.6422,-5.3557],[-52.658,-5.2978],[-52.6122,-5.2431],[-52.5609,-5.2172],[-52.5273,-5.2299],[-52.4855,-5.1984],[-52.4501,-5.185],[-52.4264,-5.154],[-52.408,-5.1836],[-52.3748,-5.2046],[-52.3462,-5.1803],[-52.2953,-5.1944],[-52.274,-5.2294],[-52.284,-5.2576],[-52.1483,-5.3161],[-52.1195,-5.3142],[-52.1053,-5.2714],[-52.0685,-5.243],[-52.076,-5.2156],[-52.0511,-5.1514]]]}},{"type":"Feature","properties":{"codigo_ibge":"1500701","municipio":"Anajás"},"geometry":{"type":"Polygon","coordinates":[[[-49.9321,-1.0956],[-49.9106,-1.0831],[-49.8804,-1.108],[-49.8766,-1.1616],[-49.8189,-1.2341],[-49.7637,-1.2618],[-49.7144,-1.2332],[-49.6822,-1.2626],[-49.6001,-1.2672],[-49.5627,-1.2079],[-49.5266,-1.188],[-49.5071,-1.1136],[-49.5062,-1.0687],[-49.4733,-1.0549],[-49.4835,-1.0256],[-49.5335,-1.0051],[-49.5243,-0.9708],[-49.544,-0.876],[-49.5005,-0.7493],[-49.4825,-0.7129],[-49.4863,-0.6687],[-49.4893,-0.667],[-49.5377,-0.6246],[-49.6199,-0.5859],[-49.6523,-0.5562],[-49.6788,-0.5578],[-49.7418,-0.5952],[-49.7753,-0.6048],[-49.8206,-0.6003],[-49.8519,-0.5801],[-49.9023,-0.531],[-49.9652,-0.4935],[-50.0068,-0.4793],[-50.0807,-0.4803],[-50.1072,-0.4709],[-50.2336,-0.3128],[-50.2725,-0.3564],[-50.2713,-0.401],[-50.287,-0.4292],[-50.2883,-0.4719],[-50.3226,-0.4947],[-50.3202,-0.5365],[-50.3338,-0.5647],[-50.3187,-0.5853],[-50.3274,-0.6331],[-50.387,-0.6393],[-50.4063,-0.6649],[-50.4059,-0.7009],[-50.4616,-0.6842],[-50.4768,-0.7238],[-50.4665,-0.7506],[-50.4829,-0.7915],[-50.5094,-0.8151],[-50.5025,-0.8641],[-50.4757,-0.8843],[-50.4688,-0.9402],[-50.4886,-0.9703],[-50.5218,-0.957],[-50.5263,-1.0125],[-50.4727,-1.0268],[-50.435,-1.0239],[-50.4062,-0.9712],[-50.3805,-0.975],[-50.3139,-0.9604],[-50.2901,-0.9742],[-50.2471,-0.973],[-50.2152,-1.0431],[-50.1938,-1.0742],[-49.9321,-1.0956]]]}},{"type":"Feature","properties":{"codigo_ibge":"1500800","municipio":"Ananindeua"},"geometry":{"type":"Polygon","coordinates":[[[-48.353,-1.221],[-48.3813,-1.2392],[-48.4076,-1.2279],[-48.4289,-1.2857],[-48.4222,-1.313],[-48.4354,-1.346],[-48.4214,-1.3693],[-48.43,-1.4041],[-48.3746,-1.4121],[-48.3843,-1.4441],[-48.3455,-1.4513],[-48.3365,-1.4111],[-48.3636,-1.4069],[-48.3654,-1.3653],[-48.3399,-1.329],[-48.3515,-1.316],[-48.3534,-1.2641],[-48.3358,-1.2503],[-48.353,-1.221]]]}},{"type":"Feature","properties":{"codigo_ibge":"1500859","municipio":"Anapu"},"geometry":{"type":"Polygon","coordinates":[[[-51.802,-3.5045],[-51.714,-3.5048],[-51.6597,-3.5716],[-51.5852,-3.5863],[-51.5762,-3.6512],[-51.553,-3.6627],[-51.5482,-3.6982],[-51.5952,-3.7798],[-51.5645,-3.7984],[-51.5176,-3.7696],[-51.5092,-3.8072],[-51.524,-3.8245],[-51.5007,-3.8612],[-51.4633,-3.8831],[-51.4352,-3.884],[-51.4072,-3.9134],[-51.4234,-3.951],[-51.3842,-4.0292],[-51.4178,-4.081],[-51.3956,-4.1155],[-51.3705,-4.1955],[-51.3775,-4.2476],[-51.344,-4.3102],[-51.3561,-4.3356],[-51.3224,-4.4116],[-51.3655,-4.428],[-51.3833,-4.4544],[-51.3599,-4.4852],[-51.3845,-4.5492],[-51.3445,-4.6052],[-51.3517,-4.6318],[-51.3163,-4.6665],[-51.312,-4.716],[-51.3368,-4.7402],[-51.3501,-4.7925],[-51.3992,-4.8675],[-51.4208,-4.9134],[-51.4421,-4.9211],[-51.4661,-4.9735],[-51.4126,-5.0755],[-51.413,-5.1257],[-51.4478,-5.1502],[-50.9302,-5.1506],[-50.8893,-5.0775],[-50.86,-5.0004],[-50.8553,-4.941],[-50.8584,-4.8689],[-50.9123,-4.8647],[-50.9404,-4.7617],[-50.9066,-4.7288],[-50.9304,-4.6839],[-50.9064,-4.6747],[-50.9201,-4.626],[-50.8946,-4.5819],[-50.9067,-4.4959],[-50.8798,-4.4475],[-50.9005,-4.4123],[-50.9961,-4.3467],[-50.9821,-4.2903],[-50.9937,-4.2713],[-50.9858,-4.2393],[-51.0188,-4.211],[-51.0493,-4.2303],[-51.07,-4.1997],[-51.1161,-4.0818],[-51.2068,-4.0719],[-51.2283,-4.0306],[-51.2488,-4.0305],[-51.2483,-3.9849],[-51.2832,-3.9541],[-51.294,-3.9056],[-51.2568,-3.8721],[-51.2149,-3.7316],[-51.2013,-3.6669],[-51.1668,-3.6671],[-51.1674,-3.4487],[-51.196,-3.4485],[-51.2235,-3.4138],[-51.2665,-3.309],[-51.2395,-3.2017],[-51.2094,-3.156],[-51.1745,-3.1584],[-51.1467,-3.116],[-51.1701,-3.0656],[-51.1612,-3.0187],[-51.2103,-2.9995],[-51.2754,-2.9593],[-51.3085,-2.9308],[-51.398,-2.8891],[-51.4153,-2.8414],[-51.4405,-2.8078],[-51.4494,-2.7696],[-51.504,-2.7464],[-51.533,-2.7442],[-51.572,-2.7655],[-51.6445,-2.7696],[-51.7199,-2.7963],[-51.7483,-2.8455],[-51.6938,-2.8589],[-51.686,-2.9082],[-51.6273,-3.001],[-51.6455,-3.0158],[-51.6786,-3.0106],[-51.7514,-3.1076],[-51.6704,-3.1324],[-51.6845,-3.1561],[-51.6088,-3.1522],[-51.632,-3.2529],[-51.702,-3.2492],[-51.7341,-3.3203],[-51.752,-3.3941],[-51.7506,-3.4248],[-51.7184,-3.4518],[-51.7241,-3.4872],[-51.7959,-3.4838],[-51.802,-3.5045]]]}},{"type":"Feature","properties":{"codigo_ibge":"1500909","municipio":"Augusto Corrêa"},"geometry":{"type":"Polygon","coordinates":[[[-46.6364,-0.9691],[-46.6592,-1.0227],[-46.6518,-1.1102],[-46.6158,-1.1831],[-46.6352,-1.2264],[-46.5485,-1.3354],[-46.385,-1.2122],[-46.3432,-1.1032],[-46.3374,-1.0215],[-46.4691,-1.0253],[-46.4648,-0.9981],[-46.4804,-0.9238],[-46.4103,-0.8876],[-46.4238,-0.8665],[-46.4958,-0.8722],[-46.5568,-0.9186],[-46.5763,-0.9806],[-46.6013,-0.9573],[-46.6364,-0.9691]]]}},{"type":"Feature","properties":{"codigo_ibge":"1500958","municipio":"Aurora do Pará"},"geometry":{"type":"Polygon","coordinates":[[[-47.511,-2.13],[-47.5329,-2.131],[-47.5549,-2.1014],[-47.5824,-2.1075],[-47.5793,-2.067],[-47.587,-2.0003],[-47.7463,-2.0009],[-47.7941,-2.0392],[-47.8122,-2.0941],[-47.8387,-2.1302],[-47.8497,-2.1721],[-47.9322,-2.1907],[-47.943,-2.226],[-47.9671,-2.2218],[-48.004,-2.2649],[-48.0242,-2.3127],[-48.0553,-2.36],[-48.0318,-2.4079],[-48.0326,-2.4507],[-48.0468,-2.4734],[-48.0105,-2.515],[-47.952,-2.5171],[-47.9555,-2.448],[-47.9863,-2.4206],[-47.9591,-2.3797],[-47.9508,-2.3403],[-47.9308,-2.3266],[-47.8575,-2.3212],[-47.7948,-2.3339],[-47.7872,-2.347],[-47.7045,-2.3167],[-47.6212,-2.3744],[-47.6063,-2.3564],[-47.5662,-2.3448],[-47.5314,-2.3737],[-47.4695,-2.3693],[-47.4393,-2.4074],[-47.4371,-2.3671],[-47.4545,-2.3364],[-47.4319,-2.3033],[-47.4243,-2.244],[-47.4577,-2.2159],[-47.4919,-2.2089],[-47.5148,-2.1845],[-47.511,-2.13]]]}},{"type":"Feature","properties":{"codigo_ibge":"1501006","municipio":"Aveiro"},"geometry":{"type":"Polygon","coordinates":[[[-56.9561,-3.6586],[-56.9017,-3.6862],[-56.8876,-3.7048],[-56.9062,-3.7454],[-56.8933,-3.8182],[-56.8758,-3.8218],[-56.8775,-3.9191],[-56.8385,-3.9335],[-56.8239,-3.9548],[-56.8248,-4.0097],[-56.7765,-4.0095],[-56.7523,-4.0248],[-56.749,-4.0579],[-56.7214,-4.0832],[-56.7323,-4.1578],[-56.7089,-4.2461],[-56.6793,-4.2328],[-56.6523,-4.2501],[-56.6285,-4.3015],[-56.5912,-4.3051],[-56.5517,-4.2771],[-56.5555,-4.2538],[-56.527,-4.2338],[-56.5328,-4.1757],[-56.5181,-4.1514],[-56.4684,-4.1286],[-56.3606,-4.1335],[-56.311,-4.1725],[-56.2378,-4.1557],[-56.2419,-4.1284],[-56.1889,-4.0967],[-56.1899,-4.0454],[-56.1529,-4.0071],[-56.1552,-3.9835],[-56.1135,-3.9623],[-56.0381,-3.9106],[-56.0113,-3.8548],[-55.8974,-3.9351],[-55.8679,-3.9155],[-55.8518,-3.9471],[-55.8467,-3.9994],[-55.8268,-4.0174],[-55.7434,-4.0035],[-55.7214,-4.0504],[-55.6984,-4.0556],[-55.6542,-4.0907],[-55.6234,-4.06],[-55.6036,-4.0223],[-55.5747,-4.0053],[-55.5576,-4.0253],[-55.5648,-4.1413],[-55.5319,-4.1542],[-55.3171,-4.0777],[-55.2993,-4.0005],[-55.3146,-3.9831],[-55.3258,-3.9251],[-55.2819,-3.9217],[-55.2416,-3.8898],[-55.2191,-3.8952],[-55.1466,-3.8661],[-55.1511,-3.8114],[-55.1201,-3.7888],[-55.1384,-3.7334],[-55.1742,-3.6968],[-55.1519,-3.6747],[-55.1613,-3.6309],[-55.1381,-3.589],[-55.1158,-3.5736],[-55.1155,-3.5424],[-55.0921,-3.5102],[-55.1139,-3.4932],[-55.1189,-3.4278],[-55.0876,-3.4002],[-55.079,-3.3442],[-55.0561,-3.3105],[-55.0374,-3.2547],[-55.051,-3.2326],[-55.137,-3.2496],[-55.2339,-3.2419],[-55.2917,-3.2403],[-55.3469,-3.2217],[-55.3751,-3.2363],[-55.8857,-3.2514],[-56.3446,-3.2648],[-56.5005,-3.307],[-56.7024,-3.3575],[-56.7249,-3.3436],[-56.7679,-3.2429],[-56.8101,-3.333],[-56.9138,-3.5623],[-56.9561,-3.6586]]]}},{"type":"Feature","properties":{"codigo_ibge":"1501105","municipio":"Bagre"},"geometry":{"type":"Polygon","coordinates":[[[-49.8967,-2.9888],[-49.8476,-2.931],[-49.8494,-2.8577],[-49.9144,-2.8085],[-49.9422,-2.7595],[-49.9457,-2.6697],[-49.9753,-2.6215],[-49.9688,-2.5459],[-50.0009,-2.5083],[-50.0541,-2.5163],[-50.0744,-2.4635],[-50.1095,-2.4106],[-50.1053,-2.3202],[-50.0845,-2.2868],[-50.0798,-2.2427],[-50.1083,-2.2051],[-50.1023,-2.1769],[-50.1153,-2.1396],[-50.0605,-2.1027],[-50.0749,-2.0694],[-50.0717,-1.9549],[-50.0567,-1.9086],[-50.1081,-1.8604],[-50.1315,-1.815],[-50.1795,-1.8312],[-50.2092,-1.8088],[-50.2537,-1.8061],[-50.3004,-1.8055],[-50.2885,-1.8471],[-50.4097,-1.933],[-50.4545,-1.9319],[-50.4841,-1.9601],[-50.519,-1.9614],[-50.5583,-1.9858],[-50.5717,-2.0119],[-50.5417,-2.0646],[-50.5195,-2.1255],[-50.5059,-2.1929],[-50.4477,-2.2199],[-50.4131,-2.2579],[-50.3909,-2.3069],[-50.3667,-2.3314],[-50.3498,-2.3843],[-50.3117,-2.4567],[-50.276,-2.5056],[-50.2057,-2.5268],[-50.1324,-2.6456],[-50.1483,-2.6811],[-50.1417,-2.824],[-50.1187,-2.8722],[-50.0938,-2.8853],[-50.1157,-2.9478],[-50.0857,-2.9613],[-50.1109,-2.994],[-50.0859,-3.0323],[-50.0211,-3.0744],[-50.0068,-3.1273],[-49.9709,-3.1625],[-49.9694,-3.1402],[-49.9311,-3.0977],[-49.91,-3.0913],[-49.909,-3.0381],[-49.8967,-2.9888]]]}},{"type":"Feature","properties":{"codigo_ibge":"1501204","municipio":"Baião"},"geometry":{"type":"Polygon","coordinates":[[[-49.4726,-3.4153],[-49.4605,-3.371],[-49.4847,-3.3522],[-49.5233,-3.2604],[-49.5323,-3.1965],[-49.5638,-3.1207],[-49.6162,-3.0887],[-49.6294,-3.0495],[-49.6235,-3.0009],[-49.5625,-2.9395],[-49.4908,-2.9248],[-49.4537,-2.8914],[-49.4654,-2.8577],[-49.4706,-2.7606],[-49.4373,-2.7147],[-49.4027,-2.7154],[-49.3865,-2.664],[-49.6767,-2.6635],[-49.7335,-2.6662],[-49.7393,-2.7073],[-49.7652,-2.7103],[-49.7898,-2.7526],[-49.7782,-2.8055],[-49.7993,-2.9372],[-49.8136,-2.9629],[-49.8967,-2.9888],[-49.909,-3.0381],[-49.91,-3.0913],[-49.9311,-3.0977],[-49.9694,-3.1402],[-49.9709,-3.1625],[-49.9732,-3.1914],[-49.9307,-3.2282],[-49.9354,-3.2571],[-49.9086,-3.3257],[-49.903,-3.3677],[-49.8345,-3.4041],[-49.8394,-3.4364],[-49.8082,-3.481],[-49.8059,-3.5331],[-49.8473,-3.5756],[-49.8985,-3.5906],[-49.9298,-3.6204],[-49.9365,-3.6507],[-49.9655,-3.661],[-49.9541,-3.6735],[-49.9095,-3.6603],[-49.8725,-3.665],[-49.8581,-3.6438],[-49.8074,-3.626],[-49.7823,-3.6276],[-49.7418,-3.5927],[-49.7223,-3.5992],[-49.6745,-3.5857],[-49.6621,-3.5359],[-49.5976,-3.5131],[-49.61,-3.4682],[-49.5965,-3.4151],[-49.4726,-3.4153]]]}},{"type":"Feature","properties":{"codigo_ibge":"1501253","municipio":"Bannach"},"geometry":{"type":"Polygon","coordinates":[[[-50.3477,-7.4843],[-50.3588,-7.4524],[-50.3909,-7.4308],[-50.3853,-7.3444],[-50.4041,-7.3188],[-50.3787,-7.288],[-50.3764,-7.2528],[-50.4021,-7.2214],[-50.4275,-7.2304],[-50.4927,-7.1932],[-50.5091,-7.193],[-50.5762,-7.2368],[-50.6108,-7.2302],[-50.6611,-7.3121],[-50.6992,-7.3226],[-50.7246,-7.3435],[-50.7645,-7.3504],[-50.8201,-7.3161],[-50.8953,-7.3382],[-50.9223,-7.3319],[-50.9535,-7.3746],[-50.972,-7.3735],[-50.9942,-7.4213],[-50.9858,-7.4495],[-50.996,-7.4948],[-50.9643,-7.5541],[-50.9624,-7.5829],[-50.9166,-7.6038],[-50.8323,-7.6125],[-50.8074,-7.6538],[-50.7789,-7.6366],[-50.7715,-7.6762],[-50.7352,-7.7441],[-50.6837,-7.7357],[-50.6364,-7.7009],[-50.5599,-7.7467],[-50.5116,-7.7659],[-50.4501,-7.7149],[-50.3943,-7.675],[-50.3933,-7.6512],[-50.3459,-7.6587],[-50.3414,-7.6009],[-50.3683,-7.5755],[-50.3666,-7.5323],[-50.3477,-7.4843]]]}},{"type":"Feature","properties":{"codigo_ibge":"1501303","municipio":"Barcarena"},"geometry":{"type":"Polygon","coordinates":[[[-48.8374,-1.5214],[-48.8182,-1.5942],[-48.8044,-1.6082],[-48.7656,-1.6016],[-48.7434,-1.614],[-48.7021,-1.6807],[-48.6603,-1.6923],[-48.5304,-1.6993],[-48.5162,-1.6735],[-48.4899,-1.6767],[-48.4415,-1.6558],[-48.5063,-1.5266],[-48.5187,-1.4562],[-48.5152,-1.3943],[-48.5452,-1.3544],[-48.5542,-1.3139],[-48.6005,-1.2463],[-48.6244,-1.1922],[-48.7023,-1.3224],[-48.7759,-1.4741],[-48.8374,-1.5214]]]}},{"type":"Feature","properties":{"codigo_ibge":"1501402","municipio":"Belém"},"geometry":{"type":"Polygon","coordinates":[[[-48.6244,-1.1922],[-48.6005,-1.2463],[-48.5542,-1.3139],[-48.5452,-1.3544],[-48.5152,-1.3943],[-48.5187,-1.4562],[-48.5063,-1.5266],[-48.4104,-1.5094],[-48.3318,-1.4669],[-48.3455,-1.4513],[-48.3843,-1.4441],[-48.3746,-1.4121],[-48.43,-1.4041],[-48.4214,-1.3693],[-48.4354,-1.346],[-48.4222,-1.313],[-48.4289,-1.2857],[-48.4076,-1.2279],[-48.3813,-1.2392],[-48.353,-1.221],[-48.3101,-1.163],[-48.3018,-1.1064],[-48.3238,-1.0597],[-48.4695,-1.0194],[-48.5245,-1.0839],[-48.6075,-1.1721],[-48.6244,-1.1922]]]}},{"type":"Feature","properties":{"codigo_ibge":"1501451","municipio":"Belterra"},"geometry":{"type":"Polygon","coordinates":[[[-54.8337,-3.5561],[-54.8343,-3.2828],[-54.8332,-2.9806],[-54.8324,-2.6611],[-54.8093,-2.6401],[-54.8301,-2.5706],[-54.9583,-2.5707],[-54.9562,-2.5494],[-55.0584,-2.5493],[-55.0941,-2.7516],[-55.1023,-2.8203],[-55.127,-2.9008],[-55.1616,-2.9787],[-55.1866,-3.0907],[-55.2339,-3.2419],[-55.137,-3.2496],[-55.051,-3.2326],[-55.0374,-3.2547],[-55.0561,-3.3105],[-55.079,-3.3442],[-55.0876,-3.4002],[-55.1189,-3.4278],[-55.1139,-3.4932],[-55.0921,-3.5102],[-55.1155,-3.5424],[-55.1158,-3.5736],[-55.1381,-3.589],[-55.1613,-3.6309],[-55.1519,-3.6747],[-55.1742,-3.6968],[-55.1384,-3.7334],[-55.1201,-3.7888],[-55.1511,-3.8114],[-55.1466,-3.8661],[-55.0932,-3.8727],[-55.0942,-3.9087],[-55.0733,-3.9375],[-55.018,-3.9213],[-55.0025,-3.8922],[-55.0156,-3.8586],[-54.9807,-3.8477],[-54.9439,-3.8091],[-54.9529,-3.7265],[-54.9238,-3.7011],[-54.9053,-3.654],[-54.9168,-3.6004],[-54.895,-3.5632],[-54.8337,-3.5561]]]}},{"type":"Feature","properties":{"codigo_ibge":"1501501","municipio":"Benevides"},"geometry":{"type":"Polygon","coordinates":[[[-48.3399,-1.329],[-48.3011,-1.3369],[-48.2773,-1.3942],[-48.293,-1.4705],[-48.2603,-1.4667],[-48.2347,-1.4295],[-48.2457,-1.3996],[-48.2317,-1.3749],[-48.2074,-1.2572],[-48.2416,-1.2952],[-48.2639,-1.2709],[-48.3358,-1.2503],[-48.3534,-1.2641],[-48.3515,-1.316],[-48.3399,-1.329]]]}},{"type":"Feature","properties":{"codigo_ibge":"1501576","municipio":"Bom Jesus do Tocantins"},"geometry":{"type":"Polygon","coordinates":[[[-48.9926,-5.2833],[-48.9259,-5.3011],[-48.8632,-5.3413],[-48.7552,-5.3492],[-48.4519,-5.1122],[-48.4825,-5.0954],[-48.5048,-5.0658],[-48.5305,-5.0005],[-48.5267,-4.9229],[-48.6129,-4.8138],[-48.65,-4.8058],[-48.675,-4.7702],[-48.6929,-4.7813],[-48.7717,-4.734],[-48.7915,-4.7076],[-48.8267,-4.7162],[-48.8609,-4.7491],[-48.8726,-4.8237],[-48.898,-4.8361],[-48.9124,-4.9017],[-48.9316,-4.9462],[-48.9353,-4.9708],[-48.9973,-4.9729],[-49.0142,-4.9869],[-49.026,-5.0449],[-49.0064,-5.0674],[-49.0024,-5.1231],[-49.0221,-5.1765],[-48.9833,-5.2696],[-48.9926,-5.2833]]]}},{"type":"Feature","properties":{"codigo_ibge":"1501600","municipio":"Bonito"},"geometry":{"type":"Polygon","coordinates":[[[-47.4186,-1.4954],[-47.3626,-1.4632],[-47.3511,-1.5004],[-47.3083,-1.4759],[-47.2964,-1.513],[-47.3404,-1.5339],[-47.3245,-1.5643],[-47.2862,-1.537],[-47.2468,-1.4877],[-47.1876,-1.3939],[-47.1874,-1.3894],[-47.1947,-1.2681],[-47.2055,-1.2249],[-47.2961,-1.2796],[-47.343,-1.2871],[-47.4275,-1.37],[-47.4363,-1.4465],[-47.4186,-1.4954]]]}},{"type":"Feature","properties":{"codigo_ibge":"1501709","municipio":"Bragança"},"geometry":{"type":"Polygon","coordinates":[[[-46.5485,-1.3354],[-46.6352,-1.2264],[-46.6158,-1.1831],[-46.6518,-1.1102],[-46.6592,-1.0227],[-46.6364,-0.9691],[-46.625,-0.9212],[-46.6348,-0.8961],[-46.5961,-0.8419],[-46.6134,-0.8158],[-46.6653,-0.7912],[-46.6766,-0.8206],[-46.716,-0.8438],[-46.7662,-0.8396],[-46.796,-0.8705],[-46.8143,-0.8941],[-46.8056,-0.9271],[-46.8355,-0.9347],[-46.8396,-0.998],[-46.8571,-1.0899],[-46.9593,-1.2572],[-46.9838,-1.2146],[-47.0262,-1.2056],[-47.0017,-1.2534],[-46.9974,-1.3085],[-46.9413,-1.2942],[-46.9096,-1.4266],[-46.8608,-1.442],[-46.8452,-1.4663],[-46.8764,-1.5627],[-46.8183,-1.5476],[-46.8242,-1.5433],[-46.5485,-1.3354]]]}},{"type":"Feature","properties":{"codigo_ibge":"1501725","municipio":"Brasil Novo"},"geometry":{"type":"Polygon","coordinates":[[[-53.179,-3.6737],[-53.1717,-3.7161],[-53.209,-3.7452],[-53.2083,-3.7859],[-53.1676,-3.8081],[-53.1636,-3.8585],[-53.1236,-3.8642],[-53.0961,-3.8965],[-53.0709,-3.8979],[-53.0453,-3.9256],[-53.0021,-3.9355],[-52.99,-3.9215],[-52.9381,-3.9089],[-52.9318,-3.8764],[-52.8624,-3.8208],[-52.8348,-3.8524],[-52.7887,-3.8579],[-52.7569,-3.8403],[-52.7274,-3.8409],[-52.6984,-3.819],[-52.6493,-3.8207],[-52.6134,-3.7831],[-52.5651,-3.7501],[-52.5491,-3.7196],[-52.4891,-3.6952],[-52.4519,-3.6628],[-52.4465,-3.6142],[-52.4252,-3.5731],[-52.381,-3.5331],[-52.3755,-3.4894],[-52.4031,-3.436],[-52.471,-3.4121],[-52.4992,-3.3661],[-52.4969,-3.2637],[-52.483,-3.2242],[-52.4406,-3.1635],[-52.3998,-3.1611],[-52.3944,-3.131],[-52.37,-3.1192],[-52.3593,-3.0755],[-52.3697,-3.0518],[-52.349,-3.0063],[-52.3175,-2.9723],[-52.3237,-2.9063],[-52.2776,-2.8655],[-52.2765,-2.8302],[-52.2902,-2.8085],[-52.3314,-2.7829],[-52.3902,-2.77],[-52.5013,-2.7737],[-52.557,-2.725],[-52.6232,-2.7164],[-52.684,-2.7229],[-52.763,-2.7438],[-52.8025,-2.7635],[-52.8295,-2.7621],[-52.9044,-2.7151],[-53.0014,-2.6718],[-52.9594,-2.742],[-52.9547,-2.7693],[-52.8736,-2.8108],[-52.8897,-2.9584],[-52.8764,-2.9732],[-52.8854,-3.0604],[-52.8775,-3.1007],[-52.843,-3.1672],[-52.8196,-3.1864],[-52.7554,-3.2646],[-52.7175,-3.3327],[-52.6981,-3.3536],[-52.6693,-3.4649],[-52.6946,-3.5004],[-52.7285,-3.5099],[-52.7487,-3.532],[-52.7639,-3.578],[-52.7872,-3.5781],[-52.8187,-3.6267],[-52.8556,-3.6183],[-52.898,-3.6332],[-52.9449,-3.618],[-52.9971,-3.6306],[-53.0239,-3.6091],[-53.0336,-3.6498],[-53.0519,-3.657],[-53.1173,-3.6287],[-53.1566,-3.665],[-53.179,-3.6737]]]}},{"type":"Feature","properties":{"codigo_ibge":"1501758","municipio":"Brejo Grande do Araguaia"},"geometry":{"type":"Polygon","coordinates":[[[-48.1723,-5.7086],[-48.1412,-5.6544],[-48.1382,-5.6027],[-48.1947,-5.5631],[-48.2787,-5.5404],[-48.3281,-5.4966],[-48.363,-5.5218],[-48.3863,-5.5569],[-48.4285,-5.5746],[-48.4617,-5.6009],[-48.5039,-5.6469],[-48.5865,-5.7004],[-48.6009,-5.7314],[-48.6077,-5.8018],[-48.6329,-5.8272],[-48.6119,-5.8746],[-48.6233,-5.8875],[-48.6609,-5.9838],[-48.6453,-5.9971],[-48.5842,-5.9922],[-48.5306,-6.0345],[-48.5335,-6.0134],[-48.505,-5.9421],[-48.4819,-5.9244],[-48.3614,-5.6995],[-48.2389,-5.6731],[-48.1723,-5.7086]]]}},{"type":"Feature","properties":{"codigo_ibge":"1501782","municipio":"Breu Branco"},"geometry":{"type":"Polygon","coordinates":[[[-49.6069,-4.0729],[-49.2394,-4.0774],[-49.1845,-4.0296],[-49.1492,-4.021],[-49.1141,-4.0733],[-49.0798,-4.102],[-49.0515,-4.0837],[-49.0725,-4.058],[-49.0731,-3.9962],[-49.0933,-3.9945],[-49.1142,-3.9444],[-49.1336,-3.9362],[-49.1491,-3.8787],[-49.1337,-3.8425],[-49.1797,-3.8319],[-49.1877,-3.7969],[-49.2206,-3.7982],[-49.2692,-3.7815],[-49.2744,-3.7063],[-49.2571,-3.6352],[-49.2269,-3.6065],[-49.2009,-3.5997],[-49.1729,-3.5622],[-49.1718,-3.5366],[-49.123,-3.5432],[-49.1012,-3.5777],[-49.0381,-3.5903],[-49.0291,-3.5471],[-49.0248,-3.5112],[-48.974,-3.4573],[-48.9277,-3.433],[-48.9256,-3.4129],[-49.0009,-3.4121],[-49.4726,-3.4153],[-49.5965,-3.4151],[-49.61,-3.4682],[-49.5976,-3.5131],[-49.6358,-3.6261],[-49.6604,-3.6848],[-49.6611,-3.7401],[-49.6393,-3.8023],[-49.6414,-3.8349],[-49.6149,-3.8731],[-49.6168,-4.0513],[-49.6069,-4.0729]]]}},{"type":"Feature","properties":{"codigo_ibge":"1501808","municipio":"Breves"},"geometry":{"type":"Polygon","coordinates":[[[-51.2169,-1.108],[-51.1906,-1.1178],[-51.166,-1.1509],[-51.1334,-1.1708],[-51.0674,-1.1511],[-51.0031,-1.1162],[-50.9369,-1.1193],[-50.8151,-1.2033],[-50.8046,-1.2741],[-50.8416,-1.2975],[-50.8969,-1.397],[-50.876,-1.4463],[-50.8399,-1.4248],[-50.7976,-1.4322],[-50.7509,-1.5038],[-50.7313,-1.559],[-50.6776,-1.5985],[-50.602,-1.6661],[-50.5736,-1.7203],[-50.5326,-1.747],[-50.5029,-1.7489],[-50.4767,-1.7741],[-50.3384,-1.8064],[-50.3004,-1.8055],[-50.2537,-1.8061],[-50.2911,-1.7305],[-50.3057,-1.7155],[-50.3013,-1.6695],[-50.3329,-1.6262],[-50.4034,-1.596],[-50.291,-1.5312],[-50.2856,-1.4016],[-50.2454,-1.3843],[-50.2476,-1.3605],[-50.2072,-1.3394],[-50.1318,-1.3207],[-50.1008,-1.3451],[-50.0574,-1.3366],[-50.0158,-1.3676],[-49.9751,-1.3006],[-49.9839,-1.2978],[-49.9882,-1.1799],[-49.97,-1.1358],[-49.9301,-1.1151],[-49.9321,-1.0956],[-50.1938,-1.0742],[-50.2152,-1.0431],[-50.2471,-0.973],[-50.2901,-0.9742],[-50.3139,-0.9604],[-50.3805,-0.975],[-50.4062,-0.9712],[-50.435,-1.0239],[-50.4727,-1.0268],[-50.5263,-1.0125],[-50.5218,-0.957],[-50.4886,-0.9703],[-50.4688,-0.9402],[-50.4757,-0.8843],[-50.5025,-0.8641],[-50.5094,-0.8151],[-50.4829,-0.7915],[-50.4665,-0.7506],[-50.4768,-0.7238],[-50.5416,-0.6725],[-50.6052,-0.6699],[-50.6245,-0.6436],[-50.6842,-0.6224],[-50.7107,-0.557],[-50.7658,-0.5071],[-50.9581,-0.5744],[-51.0111,-0.6309],[-51.0448,-0.6533],[-51.0945,-0.6616],[-51.1502,-0.6827],[-51.1854,-0.7263],[-51.1926,-0.7762],[-51.1866,-0.8299],[-51.1694,-0.8963],[-51.1716,-0.9419],[-51.1924,-1.0395],[-51.2169,-1.108]]]}},{"type":"Feature","properties":{"codigo_ibge":"1501907","municipio":"Bujaru"},"geometry":{"type":"Polygon","coordinates":[[[-48.293,-1.4705],[-48.2997,-1.4916],[-48.2756,-1.5413],[-48.2912,-1.5655],[-48.2312,-1.6312],[-48.2278,-1.6942],[-48.2007,-1.6938],[-48.1785,-1.7303],[-48.1745,-1.7743],[-48.1366,-1.7729],[-48.1091,-1.8181],[-48.0783,-1.8297],[-48.0434,-1.774],[-48.007,-1.7653],[-47.9549,-1.6699],[-47.9007,-1.6649],[-47.8863,-1.6835],[-47.8894,-1.7697],[-47.8714,-1.7395],[-47.8809,-1.6619],[-47.8577,-1.6293],[-47.8738,-1.5933],[-47.9133,-1.5671],[-47.9441,-1.5786],[-47.979,-1.5921],[-48.0021,-1.57],[-48.0034,-1.5393],[-47.9877,-1.5007],[-48.0129,-1.4751],[-48.0358,-1.4778],[-48.0562,-1.5285],[-48.1015,-1.5397],[-48.1284,-1.5473],[-48.1851,-1.524],[-48.2046,-1.4919],[-48.2603,-1.4667],[-48.293,-1.4705]]]}},{"type":"Feature","properties":{"codigo_ibge":"1501956","municipio":"Cachoeira do Piriá"},"geometry":{"type":"Polygon","coordinates":[[[-46.6055,-2.2231],[-46.5004,-2.3815],[-46.4394,-2.4132],[-46.4128,-2.3791],[-46.4319,-2.3645],[-46.4331,-2.3007],[-46.3911,-2.2501],[-46.3472,-2.222],[-46.3273,-2.1862],[-46.2833,-2.1544],[-46.2731,-2.1201],[-46.2746,-2.0546],[-46.2632,-2.0493],[-46.2234,-1.9149],[-46.2435,-1.8786],[-46.211,-1.8311],[-46.2303,-1.8031],[-46.2589,-1.795],[-46.31,-1.8063],[-46.3245,-1.7727],[-46.3152,-1.7416],[-46.3908,-1.7212],[-46.4235,-1.6986],[-46.4462,-1.7028],[-46.5084,-1.6643],[-46.5322,-1.615],[-46.5725,-1.6675],[-46.5607,-1.6971],[-46.5879,-1.711],[-46.6353,-1.7719],[-46.6108,-1.8755],[-46.6091,-1.9165],[-46.5812,-1.9439],[-46.5809,-2.0014],[-46.5949,-2.0804],[-46.5892,-2.1519],[-46.6157,-2.1913],[-46.6055,-2.2231]]]}},{"type":"Feature","properties":{"codigo_ibge":"1502004","municipio":"Cachoeira do Arari"},"geometry":{"type":"Polygon","coordinates":[[[-48.4395,-0.9788],[-48.463,-0.9706],[-48.5294,-0.9733],[-48.6305,-0.9311],[-48.6381,-0.896],[-48.6909,-0.8785],[-48.7569,-0.7511],[-48.962,-0.6515],[-48.9978,-0.5006],[-49.0066,-0.4453],[-49.0206,-0.4209],[-49.0588,-0.4537],[-49.1062,-0.4438],[-49.1189,-0.4734],[-49.1448,-0.4891],[-49.1716,-0.4745],[-49.208,-0.51],[-49.1841,-0.5821],[-49.1475,-0.6091],[-49.1377,-0.6542],[-49.1536,-0.7055],[-49.1919,-0.7404],[-49.1905,-0.8198],[-49.1499,-0.819],[-49.1428,-0.8407],[-49.0847,-0.89],[-49.0495,-0.9012],[-49.0297,-0.9587],[-48.9956,-0.9779],[-48.9618,-0.9802],[-48.9666,-1.0338],[-48.9281,-1.0401],[-48.9141,-1.0893],[-48.9182,-1.14],[-48.8928,-1.1581],[-48.8651,-1.2005],[-48.8015,-1.2131],[-48.745,-1.1878],[-48.6735,-1.1746],[-48.6075,-1.1721],[-48.5245,-1.0839],[-48.4695,-1.0194],[-48.4393,-0.9825],[-48.4395,-0.9788]]]}},{"type":"Feature","properties":{"codigo_ibge":"1502103","municipio":"Cametá"},"geometry":{"type":"Polygon","coordinates":[[[-49.2975,-2.4506],[-49.2781,-2.3949],[-49.3573,-2.3596],[-49.3172,-2.3108],[-49.2921,-2.2527],[-49.2547,-2.2206],[-49.2266,-2.1472],[-49.1895,-2.1036],[-49.2638,-2.0248],[-49.3153,-2.0603],[-49.3085,-2.0184],[-49.3181,-1.9945],[-49.3654,-2.002],[-49.3836,-1.9756],[-49.3659,-1.9284],[-49.4038,-1.9241],[-49.4173,-1.9556],[-49.4692,-1.9995],[-49.594,-1.9724],[-49.6108,-1.9928],[-49.652,-2.0103],[-49.7065,-2.069],[-49.7948,-2.1643],[-49.8295,-2.149],[-49.822,-2.2],[-49.8065,-2.2279],[-49.7786,-2.2213],[-49.7347,-2.2502],[-49.7236,-2.3009],[-49.7431,-2.38],[-49.7249,-2.4579],[-49.7449,-2.5354],[-49.7004,-2.5447],[-49.6761,-2.5897],[-49.58,-2.4915],[-49.5344,-2.514],[-49.5079,-2.5529],[-49.4787,-2.5346],[-49.4626,-2.5636],[-49.4277,-2.5318],[-49.3987,-2.5395],[-49.3712,-2.4945],[-49.2975,-2.4506]]]}},{"type":"Feature","properties":{"codigo_ibge":"1502152","municipio":"Canaã dos Carajás"},"geometry":{"type":"Polygon","coordinates":[[[-50.4825,-6.5138],[-50.4196,-6.5103],[-50.4048,-6.4782],[-50.3639,-6.4808],[-50.354,-6.5356],[-50.3129,-6.5824],[-50.3011,-6.6288],[-50.2693,-6.5962],[-50.2319,-6.5766],[-50.2077,-6.5883],[-50.1359,-6.58],[-50.0705,-6.538],[-49.9977,-6.55],[-49.9578,-6.5906],[-49.8437,-6.6585],[-49.815,-6.6606],[-49.7911,-6.6423],[-49.738,-6.6764],[-49.7298,-6.7147],[-49.7032,-6.6355],[-49.7061,-6.5971],[-49.6642,-6.5377],[-49.6957,-6.4853],[-49.7254,-6.47],[-49.7102,-6.4433],[-49.7361,-6.3756],[-49.7611,-6.3697],[-49.7933,-6.339],[-49.7879,-6.2798],[-49.8232,-6.2486],[-50.3237,-6.2498],[-50.5679,-6.2495],[-50.5424,-6.266],[-50.522,-6.3395],[-50.4923,-6.3496],[-50.5055,-6.421],[-50.479,-6.4482],[-50.4936,-6.4817],[-50.4825,-6.5138]]]}},{"type":"Feature","properties":{"codigo_ibge":"1502202","municipio":"Capanema"},"geometry":{"type":"Polygon","coordinates":[[[-47.2055,-1.2249],[-47.1947,-1.2681],[-47.1874,-1.3894],[-47.0576,-1.196],[-47.0539,-1.1568],[-47.0145,-1.1385],[-46.9785,-1.1042],[-46.9853,-1.0774],[-46.9653,-1.0431],[-47.002,-1.0116],[-47.0125,-1.0133],[-47.0451,-1.0344],[-47.0957,-1.0401],[-47.1452,-0.9873],[-47.2117,-1.0009],[-47.1955,-1.1797],[-47.2055,-1.2249]]]}},{"type":"Feature","properties":{"codigo_ibge":"1502301","municipio":"Capitão Poço"},"geometry":{"type":"Polygon","coordinates":[[[-46.9797,-1.5965],[-47.0282,-1.5767],[-47.0424,-1.5502],[-47.0704,-1.5393],[-47.0955,-1.5608],[-47.1392,-1.5569],[-47.1502,-1.5741],[-47.19,-1.5748],[-47.2408,-1.5935],[-47.2803,-1.5854],[-47.3066,-1.6113],[-47.3154,-1.6636],[-47.3093,-1.7095],[-47.2848,-1.7672],[-47.2532,-1.8045],[-47.2197,-1.7939],[-47.1932,-1.8196],[-47.2128,-1.8391],[-47.2297,-1.8849],[-47.2218,-1.9461],[-47.2601,-1.9905],[-47.2913,-1.9975],[-47.2993,-2.0201],[-47.3564,-2.0752],[-47.3991,-2.0786],[-47.4704,-2.0875],[-47.511,-2.13],[-47.5148,-2.1845],[-47.4919,-2.2089],[-47.4577,-2.2159],[-47.4243,-2.244],[-47.4319,-2.3033],[-47.4545,-2.3364],[-47.4371,-2.3671],[-47.4393,-2.4074],[-47.4058,-2.4661],[-47.4071,-2.5188],[-47.3373,-2.5764],[-47.2705,-2.5687],[-47.2138,-2.5933],[-47.177,-2.5523],[-47.1637,-2.4955],[-47.1998,-2.447],[-47.2121,-2.4138],[-47.1929,-2.3943],[-47.2107,-2.3587],[-47.2387,-2.2693],[-47.2294,-2.2099],[-47.2039,-2.1862],[-47.1671,-2.0923],[-47.1497,-1.9952],[-47.1632,-1.9314],[-47.092,-1.8791],[-47.0822,-1.8861],[-47.0148,-1.8576],[-46.9902,-1.8409],[-46.9444,-1.7485],[-46.9515,-1.7025],[-46.9272,-1.674],[-46.9883,-1.6217],[-46.9797,-1.5965]]]}},{"type":"Feature","properties":{"codigo_ibge":"1502400","municipio":"Castanhal"},"geometry":{"type":"Polygon","coordinates":[[[-47.9861,-1.4222],[-47.8766,-1.3182],[-47.8537,-1.3967],[-47.7868,-1.4007],[-47.76,-1.4526],[-47.7479,-1.481],[-47.6971,-1.4831],[-47.667,-1.4701],[-47.6531,-1.4311],[-47.6384,-1.3748],[-47.7787,-1.3052],[-47.8455,-1.2866],[-47.8305,-1.2296],[-47.8081,-1.2079],[-47.8353,-1.1597],[-47.8383,-1.1305],[-47.8112,-1.0657],[-47.8714,-1.0603],[-47.9431,-1.0388],[-47.9749,-1.0623],[-47.9917,-1.1029],[-48.0215,-1.1338],[-47.9692,-1.2026],[-48.036,-1.2084],[-48.0255,-1.4129],[-47.9861,-1.4222]]]}},{"type":"Feature","properties":{"codigo_ibge":"1502509","municipio":"Chaves"},"geometry":{"type":"MultiPolygon","coordinates":[[[[-50.1072,-0.4709],[-50.0807,-0.4803],[-50.0068,-0.4793],[-49.9652,-0.4935],[-49.9023,-0.531],[-49.8519,-0.5801],[-49.8206,-0.6003],[-49.7753,-0.6048],[-49.7418,-0.5952],[-49.6788,-0.5578],[-49.6523,-0.5562],[-49.6199,-0.5859],[-49.5377,-0.6246],[-49.4893,-0.667],[-49.4489,-0.588],[-49.4493,-0.5292],[-49.4179,-0.5019],[-49.3937,-0.3775],[-49.3357,-0.3373],[-49.3063,-0.3699],[-49.2682,-0.4528],[-49.2192,-0.4835],[-49.208,-0.51],[-49.1716,-0.4745],[-49.1448,-0.4891],[-49.1189,-0.4734],[-49.1062,-0.4438],[-49.0588,-0.4537],[-49.0206,-0.4209],[-49.0066,-0.4453],[-48.9228,-0.2914],[-48.9179,-0.2296],[-48.9396,-0.2258],[-48.9973,-0.1862],[-49.0169,-0.1602],[-49.1367,-0.1682],[-49.1962,-0.1314],[-49.2559,-0.1598],[-49.3286,-0.1578],[-49.3787,-0.191],[-49.4222,-0.1684],[-49.4386,-0.1265],[-49.4317,-0.0882],[-49.3589,-0.0259],[-49.3695,0.0378],[-49.397,0.0622],[-49.479,0.0811],[-49.5826,0.0897],[-49.6322,0.0749],[-49.6657,0.0966],[-49.6996,0.1505],[-49.6927,0.1781],[-49.6444,0.2167],[-49.6333,0.2414],[-49.5837,0.2725],[-49.534,0.2892],[-49.4886,0.3342],[-49.5032,0.3717],[-49.5478,0.3901],[-49.5819,0.4187],[-49.6181,0.3921],[-49.6615,0.393],[-49.7248,0.3776],[-49.7778,0.3413],[-49.8078,0.3321],[-49.8283,0.3554],[-49.8892,0.3225],[-49.9219,0.3576],[-49.9805,0.3605],[-49.9929,0.3384],[-50.0514,0.3367],[-50.0984,0.3445],[-50.1317,0.3307],[-50.1678,0.3403],[-50.1727,0.3976],[-50.0774,0.4634],[-50.0364,0.5342],[-50.0279,0.5678],[-50.0373,0.6019],[-50.0726,0.6358],[-50.1044,0.6396],[-50.1335,0.6196],[-50.2135,0.656],[-50.2261,0.6962],[-50.3286,0.6743],[-50.4099,0.6233],[-50.4365,0.6001],[-50.4673,0.5309],[-50.4762,0.4815],[-50.504,0.4351],[-50.5239,0.3724],[-50.553,0.3125],[-50.5997,0.2494],[-50.523,0.1884],[-50.4709,0.1775],[-50.4329,0.1496],[-50.413,0.1125],[-50.3957,0.0505],[-50.3802,0.0257],[-50.3318,-0.0131],[-50.2988,-0.0683],[-50.2987,-0.1016],[-50.196,-0.2135],[-50.1072,-0.4709]]],[[[-49.6263,0.1901],[-49.6607,0.1873],[-49.6775,0.1557],[-49.6535,0.145],[-49.6154,0.1528],[-49.6263,0.1901]]],[[[-49.4503,0.1172],[-49.4769,0.1482],[-49.5024,0.1174],[-49.4503,0.1172]]],[[[-49.6181,0.1992],[-49.5763,0.2197],[-49.6021,0.2428],[-49.6181,0.1992]]],[[[-48.8759,-0.182],[-48.887,-0.1532],[-48.93,-0.1605],[-48.9475,-0.2056],[-48.9246,-0.214],[-48.8813,-0.2033],[-48.8759,-0.182]]]]}},{"type":"Feature","properties":{"codigo_ibge":"1502608","municipio":"Colares"},"geometry":{"type":"Polygon","coordinates":[[[-48.1716,-0.8164],[-48.2295,-0.8278],[-48.2685,-0.9029],[-48.2938,-0.9197],[-48.3658,-0.9189],[-48.4096,-0.9058],[-48.4395,-0.9788],[-48.4393,-0.9825],[-48.3072,-1.0191],[-48.2745,-1.0207],[-48.2138,-1.0068],[-48.1928,-0.9955],[-48.1756,-0.9499],[-48.1486,-0.8378],[-48.1716,-0.8164]]]}},{"type":"Feature","properties":{"codigo_ibge":"1502707","municipio":"Conceição do Araguaia"},"geometry":{"type":"Polygon","coordinates":[[[-49.361,-7.6149],[-49.411,-7.6496],[-49.4245,-7.6995],[-49.4183,-7.723],[-49.4748,-7.7584],[-49.5091,-7.8047],[-49.5189,-7.8442],[-49.5691,-7.8181],[-49.6035,-7.8669],[-49.6632,-7.92],[-49.6948,-7.9017],[-49.7431,-7.9055],[-49.8148,-7.9515],[-49.8269,-7.968],[-49.9053,-8.0558],[-49.9141,-8.0966],[-49.8997,-8.1306],[-49.8736,-8.1451],[-49.8657,-8.1791],[-49.8731,-8.2455],[-49.8461,-8.3086],[-49.8268,-8.3318],[-49.7598,-8.3427],[-49.7397,-8.3346],[-49.7154,-8.2937],[-49.6839,-8.2794],[-49.6591,-8.286],[-49.6593,-8.5005],[-49.7019,-8.5027],[-49.7775,-8.5731],[-49.7587,-8.6741],[-49.7346,-8.7235],[-49.7025,-8.7609],[-49.6578,-8.771],[-49.6315,-8.7947],[-49.5841,-8.7879],[-49.5473,-8.7318],[-49.5396,-8.7035],[-49.4818,-8.6737],[-49.4515,-8.6125],[-49.4099,-8.58],[-49.3996,-8.5451],[-49.3915,-8.4898],[-49.3494,-8.4184],[-49.2833,-8.3796],[-49.2487,-8.2554],[-49.221,-8.2038],[-49.1932,-8.0765],[-49.1767,-8.0615],[-49.1756,-8.0094],[-49.182,-7.977],[-49.1632,-7.9213],[-49.1673,-7.8564],[-49.1501,-7.8121],[-49.1607,-7.7914],[-49.2212,-7.7616],[-49.3423,-7.6558],[-49.361,-7.6149]]]}},{"type":"Feature","properties":{"codigo_ibge":"1502756","municipio":"Concórdia do Pará"},"geometry":{"type":"Polygon","coordinates":[[[-47.8894,-1.7697],[-47.8863,-1.6835],[-47.9007,-1.6649],[-47.9549,-1.6699],[-48.007,-1.7653],[-48.0434,-1.774],[-48.0783,-1.8297],[-48.0429,-1.9295],[-48.0763,-2.0422],[-48.0538,-2.0845],[-47.9886,-2.0966],[-47.9812,-2.0703],[-47.926,-2.0067],[-47.9076,-1.9666],[-47.8989,-1.8775],[-47.8787,-1.8423],[-47.8894,-1.7697]]]}},{"type":"Feature","properties":{"codigo_ibge":"1502764","municipio":"Cumaru do Norte"},"geometry":{"type":"Polygon","coordinates":[[[-50.5996,-8.1913],[-50.5523,-8.1445],[-50.5596,-8.1033],[-50.5256,-8.0981],[-50.523,-8.0543],[-50.5056,-8.023],[-50.5173,-7.9543],[-50.5383,-7.9558],[-50.5511,-7.8984],[-50.5725,-7.8685],[-50.5432,-7.8001],[-50.5116,-7.7659],[-50.5599,-7.7467],[-50.6364,-7.7009],[-50.6837,-7.7357],[-50.7352,-7.7441],[-50.7715,-7.6762],[-50.7789,-7.6366],[-50.8074,-7.6538],[-50.8323,-7.6125],[-50.9166,-7.6038],[-50.9624,-7.5829],[-50.9643,-7.5541],[-50.996,-7.4948],[-50.9858,-7.4495],[-50.9942,-7.4213],[-50.972,-7.3735],[-51.0254,-7.3596],[-51.0633,-7.321],[-51.1156,-7.3402],[-51.141,-7.3606],[-51.2042,-7.3272],[-51.2302,-7.4039],[-51.2121,-7.4275],[-51.2005,-7.4721],[-51.1935,-7.5664],[-51.2328,-7.5854],[-51.2396,-7.6111],[-51.216,-7.6293],[-51.2134,-7.677],[-51.1847,-7.7316],[-51.1362,-7.7691],[-51.1774,-7.8756],[-51.2315,-7.9053],[-51.2516,-7.9563],[-51.3081,-7.9773],[-51.3425,-8.0005],[-51.4422,-8.0283],[-51.4355,-8.0767],[-51.4657,-8.106],[-51.491,-8.1529],[-51.5466,-8.2069],[-51.598,-8.1916],[-51.6582,-8.2468],[-51.7187,-8.2269],[-51.7537,-8.2302],[-51.7756,-8.2739],[-51.8661,-8.2444],[-51.8812,-8.2184],[-51.9108,-8.2489],[-51.8878,-8.3095],[-51.7961,-8.3514],[-51.7817,-8.3797],[-51.7644,-8.4317],[-51.783,-8.4564],[-51.8057,-8.5447],[-51.7712,-8.6065],[-51.7795,-8.7252],[-51.8236,-8.7625],[-51.9166,-8.8115],[-51.9222,-8.8528],[-51.881,-8.8974],[-51.8584,-8.9059],[-51.7844,-8.8827],[-51.742,-8.8873],[-51.728,-8.9497],[-51.7356,-8.9838],[-51.696,-9.0321],[-51.5949,-9.0887],[-51.564,-9.0819],[-51.5732,-9.1425],[-51.5438,-9.1843],[-51.5133,-9.1998],[-51.4839,-9.2632],[-51.4868,-9.3098],[-51.4638,-9.3405],[-51.4888,-9.3812],[-51.4378,-9.4401],[-51.4356,-9.4704],[-51.3858,-9.5133],[-51.3671,-9.5521],[-51.3229,-9.5924],[-51.3177,-9.6775],[-51.2854,-9.6989],[-51.2614,-9.6149],[-51.2575,-9.5757],[-51.1862,-9.524],[-51.14,-9.5595],[-51.1191,-9.493],[-51.0876,-9.4837],[-51.0659,-9.4304],[-51.0592,-9.3661],[-51.0777,-9.3344],[-51.0711,-9.2927],[-51.0836,-9.2616],[-51.0638,-9.2492],[-51.0556,-9.1886],[-51.1233,-9.127],[-51.0905,-9.0704],[-51.1011,-9.0416],[-51.0555,-8.9806],[-51.0835,-8.9374],[-51.1116,-8.9274],[-51.1032,-8.8993],[-51.0753,-8.902],[-51.0363,-8.8537],[-51.0399,-8.8303],[-51.0237,-8.7702],[-51.0271,-8.7316],[-51.0469,-8.6771],[-51.0209,-8.6406],[-50.9786,-8.6232],[-50.9354,-8.5721],[-50.9461,-8.5312],[-50.9095,-8.4463],[-50.8696,-8.4126],[-50.8859,-8.3928],[-50.8674,-8.3367],[-50.8335,-8.3256],[-50.8177,-8.2963],[-50.7664,-8.3196],[-50.7344,-8.2947],[-50.7459,-8.2643],[-50.7041,-8.246],[-50.6617,-8.2465],[-50.6285,-8.201],[-50.5996,-8.1913]]]}},{"type":"Feature","properties":{"codigo_ibge":"1502772","municipio":"Curionópolis"},"geometry":{"type":"Polygon","coordinates":[[[-49.8232,-6.2486],[-49.7879,-6.2798],[-49.7933,-6.339],[-49.7611,-6.3697],[-49.7361,-6.3756],[-49.7102,-6.4433],[-49.7254,-6.47],[-49.6957,-6.4853],[-49.6642,-6.5377],[-49.7061,-6.5971],[-49.7032,-6.6355],[-49.7298,-6.7147],[-49.6378,-6.637],[-49.4113,-6.4453],[-49.4333,-6.3304],[-49.5196,-6.3326],[-49.5284,-6.3017],[-49.5621,-6.2862],[-49.5734,-6.2597],[-49.5577,-6.2123],[-49.4759,-6.101],[-49.4816,-6.0804],[-49.4592,-6.0176],[-49.4678,-5.9927],[-49.4575,-5.9016],[-49.5113,-5.8829],[-49.6336,-5.9061],[-49.6731,-5.9307],[-49.7188,-5.946],[-49.7554,-5.9307],[-49.7686,-5.8882],[-49.7632,-5.8471],[-49.7802,-5.8354],[-49.7918,-5.7855],[-49.8319,-5.8362],[-49.8259,-5.8557],[-49.8016,-5.8671],[-49.8053,-5.9037],[-49.7913,-5.983],[-49.7913,-6.0217],[-49.7729,-6.0414],[-49.7819,-6.1141],[-49.7361,-6.1809],[-49.7358,-6.2076],[-49.7884,-6.2203],[-49.8286,-6.2181],[-49.8232,-6.2486]]]}},{"type":"Feature","properties":{"codigo_ibge":"1502806","municipio":"Curralinho"},"geometry":{"type":"Polygon","coordinates":[[[-50.1315,-1.815],[-50.0647,-1.7919],[-49.9916,-1.7831],[-49.848,-1.8331],[-49.7517,-1.8149],[-49.7182,-1.8356],[-49.6221,-1.7649],[-49.6078,-1.7604],[-49.5892,-1.7361],[-49.5845,-1.6801],[-49.6327,-1.6768],[-49.6827,-1.6434],[-49.7106,-1.6017],[-49.7191,-1.53],[-49.7072,-1.5038],[-49.7077,-1.4329],[-49.7239,-1.3707],[-49.772,-1.3615],[-49.82,-1.3181],[-49.8496,-1.3408],[-49.9751,-1.3006],[-50.0158,-1.3676],[-50.0574,-1.3366],[-50.1008,-1.3451],[-50.1318,-1.3207],[-50.2072,-1.3394],[-50.2476,-1.3605],[-50.2454,-1.3843],[-50.2856,-1.4016],[-50.291,-1.5312],[-50.4034,-1.596],[-50.3329,-1.6262],[-50.3013,-1.6695],[-50.3057,-1.7155],[-50.2911,-1.7305],[-50.2537,-1.8061],[-50.2092,-1.8088],[-50.1795,-1.8312],[-50.1315,-1.815]]]}},{"type":"Feature","properties":{"codigo_ibge":"1502855","municipio":"Curuá"},"geometry":{"type":"Polygon","coordinates":[[[-55.4134,-1.3991],[-55.174,-1.6793],[-55.1665,-1.7312],[-55.1767,-1.9222],[-55.1602,-1.9662],[-55.1859,-1.9906],[-55.1848,-2.047],[-55.209,-2.104],[-55.2665,-2.1064],[-55.2509,-2.131],[-55.1425,-2.165],[-55.0949,-2.1669],[-55.064,-2.1405],[-55.0346,-2.0692],[-55.0044,-2.0338],[-54.9485,-2.0166],[-54.8698,-1.9761],[-54.9021,-1.9632],[-54.966,-1.9639],[-54.9809,-1.9142],[-54.9508,-1.9028],[-54.931,-1.839],[-54.9496,-1.814],[-55.0168,-1.7936],[-55.0745,-1.7579],[-55.0563,-1.6948],[-55.0814,-1.6344],[-55.1766,-1.5357],[-55.1988,-1.4858],[-55.2224,-1.4963],[-55.2662,-1.4632],[-55.2848,-1.4701],[-55.317,-1.4434],[-55.3371,-1.4456],[-55.3864,-1.4238],[-55.4134,-1.3991]]]}},{"type":"Feature","properties":{"codigo_ibge":"1502905","municipio":"Curuçá"},"geometry":{"type":"Polygon","coordinates":[[[-47.8148,-0.922],[-47.8151,-0.8929],[-47.7549,-0.6797],[-47.7707,-0.6674],[-47.7562,-0.6063],[-47.7776,-0.5818],[-47.8095,-0.5843],[-47.8306,-0.6096],[-47.8209,-0.6375],[-47.8514,-0.6692],[-47.8493,-0.5883],[-47.8699,-0.5612],[-47.9094,-0.5774],[-47.9173,-0.6232],[-47.9646,-0.6421],[-47.977,-0.6862],[-47.9615,-0.6988],[-47.9519,-0.7768],[-47.9589,-0.7921],[-47.9243,-0.8284],[-47.9205,-0.8617],[-47.9325,-0.9033],[-47.901,-0.9315],[-47.839,-0.9473],[-47.8148,-0.922]]]}},{"type":"Feature","properties":{"codigo_ibge":"1502939","municipio":"Dom Eliseu"},"geometry":{"type":"Polygon","coordinates":[[[-47.3472,-4.1087],[-47.3718,-4.1103],[-47.4173,-4.1404],[-47.4638,-4.1556],[-47.5055,-4.1384],[-47.5691,-4.0929],[-47.6794,-4.0686],[-47.7212,-4.0292],[-47.7831,-4.0602],[-47.8523,-4.0467],[-47.8994,-4.0133],[-47.9179,-3.968],[-47.9558,-3.9465],[-47.9774,-3.919],[-47.9927,-3.8546],[-48.0324,-3.8222],[-48.1048,-3.7888],[-48.1599,-3.8045],[-48.2112,-3.7951],[-48.2688,-3.7951],[-48.2899,-3.8139],[-48.341,-3.832],[-48.3887,-3.8373],[-48.369,-3.8802],[-48.3827,-3.9464],[-48.3879,-4.0174],[-48.3718,-4.0836],[-48.3063,-4.1557],[-48.2695,-4.2153],[-48.2128,-4.2222],[-48.1609,-4.201],[-47.8162,-4.6147],[-47.7926,-4.5864],[-47.7248,-4.6064],[-47.68,-4.6086],[-47.6152,-4.56],[-47.5836,-4.523],[-47.5619,-4.4724],[-47.5373,-4.4516],[-47.4763,-4.3564],[-47.4795,-4.3285],[-47.442,-4.2874],[-47.3725,-4.245],[-47.3763,-4.2235],[-47.3569,-4.1768],[-47.3472,-4.1087]]]}},{"type":"Feature","properties":{"codigo_ibge":"1502954","municipio":"Eldorado do Carajás"},"geometry":{"type":"Polygon","coordinates":[[[-49.4575,-5.9016],[-49.4678,-5.9927],[-49.4592,-6.0176],[-49.4816,-6.0804],[-49.4759,-6.101],[-49.5577,-6.2123],[-49.5734,-6.2597],[-49.5621,-6.2862],[-49.5284,-6.3017],[-49.5196,-6.3326],[-49.4333,-6.3304],[-49.4113,-6.4453],[-49.2025,-6.2635],[-49.1991,-6.2642],[-48.8522,-5.9651],[-48.8776,-5.9434],[-48.8936,-5.9046],[-48.9583,-5.8558],[-49.0337,-5.8308],[-49.052,-5.8381],[-49.2339,-5.7956],[-49.2684,-5.8203],[-49.2994,-5.825],[-49.3357,-5.8505],[-49.3749,-5.8637],[-49.415,-5.8989],[-49.4575,-5.9016]]]}},{"type":"Feature","properties":{"codigo_ibge":"1503002","municipio":"Faro"},"geometry":{"type":"Polygon","coordinates":[[[-58.895,-0.011],[-58.8866,-0.0592],[-58.8639,-0.078],[-58.8653,-0.1689],[-58.881,-0.1966],[-58.8654,-0.2655],[-58.876,-0.3114],[-58.8695,-0.3475],[-58.8362,-0.3727],[-58.7835,-0.389],[-58.7253,-0.4383],[-58.7365,-0.4717],[-58.7112,-0.5185],[-58.709,-0.5459],[-58.7313,-0.5807],[-58.7363,-0.6194],[-58.7127,-0.6446],[-58.7065,-0.6796],[-58.6367,-0.7201],[-58.609,-0.7616],[-58.536,-0.8222],[-58.4985,-0.8357],[-58.4743,-0.8692],[-58.4342,-0.8922],[-58.452,-0.9241],[-58.4106,-0.9822],[-58.4284,-1.0246],[-58.3637,-1.0711],[-58.3484,-1.1129],[-58.3167,-1.1477],[-58.2576,-1.1308],[-58.163,-1.2301],[-58.0928,-1.1616],[-58.0587,-1.1065],[-58.0173,-1.1036],[-58.0013,-1.1481],[-57.9688,-1.1626],[-57.9707,-1.2278],[-57.9987,-1.3313],[-57.9565,-1.3783],[-57.9597,-1.3969],[-57.9115,-1.4047],[-57.8247,-1.4378],[-57.7953,-1.4872],[-57.758,-1.5022],[-57.7177,-1.5033],[-57.6888,-1.587],[-57.6219,-1.5892],[-57.5441,-1.6111],[-57.4731,-1.6789],[-57.4435,-1.6646],[-57.3858,-1.6977],[-57.3534,-1.7368],[-57.3277,-1.7162],[-57.2923,-1.7083],[-57.2308,-1.7275],[-57.2022,-1.7131],[-57.1711,-1.7509],[-57.125,-1.7681],[-57.1103,-1.7923],[-57.0793,-1.8026],[-57.0676,-1.8545],[-57.0284,-1.918],[-56.9884,-1.9072],[-56.9611,-1.953],[-56.9237,-1.9643],[-56.8763,-1.9923],[-56.859,-2.0159],[-56.7932,-2.021],[-56.7479,-2.0115],[-56.7214,-2.0592],[-56.7328,-2.0917],[-56.7694,-2.1407],[-56.761,-2.1741],[-56.7078,-2.1839],[-56.6791,-2.2126],[-56.6129,-2.2102],[-56.5856,-2.1765],[-56.6248,-2.1661],[-56.6334,-2.1318],[-56.6194,-2.0701],[-56.6445,-2.0406],[-56.6289,-1.9812],[-56.5994,-1.9537],[-56.5983,-1.8767],[-56.6595,-1.8452],[-56.682,-1.8039],[-56.6736,-1.758],[-56.727,-1.7272],[-56.7244,-1.6788],[-56.749,-1.6519],[-56.7486,-1.608],[-56.7934,-1.5995],[-56.8423,-1.6481],[-56.8731,-1.6552],[-56.9181,-1.6477],[-56.9635,-1.5811],[-56.995,-1.5809],[-57.0005,-1.5499],[-57.0633,-1.5179],[-57.1267,-1.5159],[-57.1466,-1.4963],[-57.1436,-1.4232],[-57.186,-1.4356],[-57.2131,-1.4195],[-57.2372,-1.4332],[-57.3,-1.3906],[-57.3288,-1.3395],[-57.3837,-1.333],[-57.4286,-1.3476],[-57.4661,-1.31],[-57.4775,-1.2655],[-57.5208,-1.2105],[-57.5285,-1.1727],[-57.5534,-1.1263],[-57.5809,-1.1241],[-57.5912,-1.0989],[-57.6522,-1.0953],[-57.6782,-1.0815],[-57.6793,-1.0508],[-57.7161,-1.0234],[-57.7156,-0.9887],[-57.7577,-0.9887],[-57.7697,-0.9495],[-57.822,-0.9263],[-57.8546,-0.9242],[-57.8763,-0.8882],[-57.9145,-0.8598],[-57.9824,-0.8426],[-58.0,-0.7921],[-58.0717,-0.7933],[-58.0912,-0.8126],[-58.1464,-0.7927],[-58.1869,-0.7902],[-58.2029,-0.8075],[-58.2344,-0.7702],[-58.2232,-0.7387],[-58.3173,-0.6155],[-58.3272,-0.5297],[-58.3463,-0.4818],[-58.3982,-0.4749],[-58.4133,-0.4468],[-58.4405,-0.4392],[-58.5094,-0.4503],[-58.5219,-0.4333],[-58.4909,-0.3798],[-58.4482,-0.3607],[-58.4739,-0.3322],[-58.4411,-0.2946],[-58.4821,-0.2899],[-58.5328,-0.2706],[-58.5887,-0.2719],[-58.6313,-0.2421],[-58.6359,-0.2156],[-58.6673,-0.1621],[-58.7146,-0.1224],[-58.7151,-0.0661],[-58.7707,-0.0568],[-58.7951,-0.0745],[-58.8371,-0.0755],[-58.8236,-0.0334],[-58.895,-0.011]]]}},{"type":"Feature","properties":{"codigo_ibge":"1503044","municipio":"Floresta do Araguaia"},"geometry":{"type":"Polygon","coordinates":[[[-49.361,-7.6149],[-49.3816,-7.5691],[-49.378,-7.4964],[-49.264,-7.3642],[-49.2339,-7.3289],[-49.1853,-7.2352],[-49.1864,-7.1967],[-49.1938,-7.1298],[-49.2126,-7.1748],[-49.2501,-7.1918],[-49.2632,-7.1784],[-49.3054,-7.1904],[-49.4061,-7.2327],[-49.4226,-7.2749],[-49.4846,-7.2863],[-49.5195,-7.3101],[-49.5474,-7.2949],[-49.6015,-7.304],[-49.6157,-7.3221],[-49.6646,-7.3234],[-49.6886,-7.3392],[-49.7417,-7.3384],[-49.7746,-7.3487],[-49.8009,-7.3355],[-49.828,-7.3716],[-49.8281,-7.7001],[-49.8564,-7.9727],[-49.8269,-7.968],[-49.8148,-7.9515],[-49.7431,-7.9055],[-49.6948,-7.9017],[-49.6632,-7.92],[-49.6035,-7.8669],[-49.5691,-7.8181],[-49.5189,-7.8442],[-49.5091,-7.8047],[-49.4748,-7.7584],[-49.4183,-7.723],[-49.4245,-7.6995],[-49.411,-7.6496],[-49.361,-7.6149]]]}},{"type":"Feature","properties":{"codigo_ibge":"1503077","municipio":"Garrafão do Norte"},"geometry":{"type":"Polygon","coordinates":[[[-47.0148,-1.8576],[-47.0822,-1.8861],[-47.092,-1.8791],[-47.1632,-1.9314],[-47.1497,-1.9952],[-47.1671,-2.0923],[-47.2039,-2.1862],[-47.2294,-2.2099],[-47.2387,-2.2693],[-47.2107,-2.3587],[-47.1929,-2.3943],[-47.2121,-2.4138],[-47.1998,-2.447],[-47.1637,-2.4955],[-47.177,-2.5523],[-47.2138,-2.5933],[-47.1569,-2.5728],[-47.1408,-2.5527],[-47.1045,-2.5522],[-47.0878,-2.5047],[-47.1062,-2.4529],[-47.1115,-2.4019],[-47.1026,-2.3576],[-47.0805,-2.3254],[-47.0401,-2.3082],[-46.9523,-2.2482],[-46.9245,-2.2184],[-46.8881,-2.2097],[-46.9047,-2.1565],[-46.911,-2.113],[-46.935,-2.075],[-46.8996,-2.0109],[-46.9128,-1.9737],[-46.9712,-1.9262],[-47.0148,-1.8576]]]}},{"type":"Feature","properties":{"codigo_ibge":"1503093","municipio":"Goianésia do Pará"},"geometry":{"type":"Polygon","coordinates":[[[-49.6069,-4.0729],[-49.5951,-4.1482],[-49.5591,-4.2571],[-49.5257,-4.3195],[-49.5062,-4.3828],[-49.5114,-4.4062],[-49.495,-4.4653],[-49.4968,-4.5003],[-49.3226,-4.5007],[-49.2652,-4.435],[-49.2291,-4.4068],[-49.1941,-4.423],[-49.1648,-4.3656],[-49.1324,-4.3542],[-49.1093,-4.3235],[-49.0436,-4.3195],[-49.0168,-4.3353],[-49.017,-4.3683],[-48.9927,-4.3686],[-48.9196,-4.3379],[-48.8713,-4.3081],[-48.8457,-4.3076],[-48.8137,-4.2696],[-48.7732,-4.2511],[-48.7633,-4.2324],[-48.7458,-4.1456],[-48.7103,-4.1055],[-48.6798,-4.1235],[-48.5748,-4.1215],[-48.5143,-4.0823],[-48.4677,-4.0712],[-48.4393,-4.0771],[-48.3879,-4.0174],[-48.3827,-3.9464],[-48.369,-3.8802],[-48.3887,-3.8373],[-48.4512,-3.8059],[-48.4957,-3.8241],[-48.5165,-3.8082],[-48.5761,-3.8112],[-48.6719,-3.7492],[-48.6856,-3.7592],[-48.7276,-3.7263],[-48.8161,-3.7127],[-48.8197,-3.6877],[-48.871,-3.6614],[-48.8902,-3.6366],[-48.8702,-3.5843],[-48.8839,-3.568],[-48.9443,-3.568],[-48.966,-3.5472],[-49.0291,-3.5471],[-49.0381,-3.5903],[-49.1012,-3.5777],[-49.123,-3.5432],[-49.1718,-3.5366],[-49.1729,-3.5622],[-49.2009,-3.5997],[-49.2269,-3.6065],[-49.2571,-3.6352],[-49.2744,-3.7063],[-49.2692,-3.7815],[-49.2206,-3.7982],[-49.1877,-3.7969],[-49.1797,-3.8319],[-49.1337,-3.8425],[-49.1491,-3.8787],[-49.1336,-3.9362],[-49.1142,-3.9444],[-49.0933,-3.9945],[-49.0731,-3.9962],[-49.0725,-4.058],[-49.0515,-4.0837],[-49.0798,-4.102],[-49.1141,-4.0733],[-49.1492,-4.021],[-49.1845,-4.0296],[-49.2394,-4.0774],[-49.6069,-4.0729]]]}},{"type":"Feature","properties":{"codigo_ibge":"1503101","municipio":"Gurupá"},"geometry":{"type":"Polygon","coordinates":[[[-51.6835,-0.7955],[-51.6956,-0.9247],[-51.6856,-1.0129],[-51.7004,-1.0632],[-51.7784,-1.1404],[-51.7907,-1.1986],[-51.8627,-1.2423],[-51.8891,-1.275],[-51.8909,-1.3095],[-51.9097,-1.353],[-51.9558,-1.406],[-51.9911,-1.4351],[-52.0618,-1.4497],[-52.1116,-1.4701],[-52.2302,-1.486],[-52.2519,-1.5041],[-52.2419,-1.5431],[-52.1998,-1.6042],[-52.0925,-1.6069],[-52.0252,-1.5966],[-51.97,-1.6103],[-51.952,-1.6466],[-51.9861,-1.701],[-51.99,-1.743],[-51.9772,-1.8061],[-51.9635,-1.8256],[-51.9522,-1.798],[-51.8898,-1.7303],[-51.8597,-1.7582],[-51.7611,-1.7231],[-51.566,-1.6933],[-51.5043,-1.6397],[-51.4581,-1.6428],[-51.2091,-1.2267],[-51.237,-1.2378],[-51.2763,-1.221],[-51.2355,-1.164],[-51.2169,-1.108],[-51.1924,-1.0395],[-51.1716,-0.9419],[-51.1694,-0.8963],[-51.1866,-0.8299],[-51.1926,-0.7762],[-51.1854,-0.7263],[-51.1502,-0.6827],[-51.0945,-0.6616],[-51.1218,-0.6252],[-51.0929,-0.5629],[-51.1044,-0.5411],[-51.1447,-0.5479],[-51.1809,-0.5056],[-51.1503,-0.4862],[-51.1435,-0.4207],[-51.1551,-0.4025],[-51.2295,-0.4291],[-51.2922,-0.4344],[-51.3719,-0.464],[-51.4325,-0.4733],[-51.4578,-0.5132],[-51.5151,-0.566],[-51.5955,-0.6504],[-51.6835,-0.7955]]]}},{"type":"Feature","properties":{"codigo_ibge":"1503200","municipio":"Igarapé-Açu"},"geometry":{"type":"Polygon","coordinates":[[[-47.4129,-0.9766],[-47.4258,-0.983],[-47.6104,-1.0315],[-47.6199,-1.0664],[-47.7066,-1.0573],[-47.6913,-1.1111],[-47.6958,-1.1354],[-47.6797,-1.1834],[-47.6921,-1.2122],[-47.7306,-1.2451],[-47.7089,-1.2583],[-47.6549,-1.2405],[-47.6384,-1.3747],[-47.6013,-1.3232],[-47.496,-1.2369],[-47.4757,-1.203],[-47.4458,-1.1142],[-47.4121,-1.0616],[-47.4002,-1.0163],[-47.4029,-0.9772],[-47.4129,-0.9766]]]}},{"type":"Feature","properties":{"codigo_ibge":"1503309","municipio":"Igarapé-Miri"},"geometry":{"type":"Polygon","coordinates":[[[-48.9058,-1.9566],[-48.9798,-1.8965],[-48.9755,-1.8746],[-48.9965,-1.8441],[-49.0455,-1.8147],[-49.0738,-1.819],[-49.1131,-1.8019],[-49.1014,-1.762],[-49.1545,-1.7018],[-49.1717,-1.7161],[-49.2002,-1.7529],[-49.209,-1.7941],[-49.2427,-1.8582],[-49.2639,-1.9449],[-49.3181,-1.9945],[-49.3085,-2.0184],[-49.3153,-2.0603],[-49.2638,-2.0248],[-49.1895,-2.1036],[-49.2266,-2.1472],[-49.2547,-2.2206],[-49.2921,-2.2527],[-49.3172,-2.3108],[-49.3573,-2.3596],[-49.2781,-2.3949],[-49.2975,-2.4506],[-49.2319,-2.4133],[-49.1577,-2.3666],[-49.1392,-2.32],[-49.1103,-2.3049],[-49.0907,-2.241],[-49.0127,-2.1983],[-48.9602,-2.1569],[-48.9485,-2.1016],[-48.9632,-2.062],[-48.9257,-2.0216],[-48.8746,-1.9953],[-48.9058,-1.9566]]]}},{"type":"Feature","properties":{"codigo_ibge":"1503408","municipio":"Inhangapi"},"geometry":{"type":"Polygon","coordinates":[[[-48.1015,-1.5397],[-48.0562,-1.5285],[-48.0358,-1.4778],[-48.0129,-1.4751],[-47.9877,-1.5007],[-48.0034,-1.5393],[-48.0021,-1.57],[-47.979,-1.5921],[-47.9441,-1.5786],[-47.9496,-1.5701],[-47.76,-1.4526],[-47.7868,-1.4007],[-47.8537,-1.3967],[-47.8766,-1.3182],[-47.9861,-1.4222],[-48.0004,-1.436],[-48.1343,-1.5152],[-48.1015,-1.5397]]]}},{"type":"Feature","properties":{"codigo_ibge":"1503457","municipio":"Ipixuna do Pará"},"geometry":{"type":"Polygon","coordinates":[[[-47.392,-2.8897],[-47.4055,-2.8344],[-47.3908,-2.7492],[-47.3713,-2.7161],[-47.3697,-2.6863],[-47.3111,-2.6499],[-47.3388,-2.6141],[-47.3373,-2.5764],[-47.4071,-2.5188],[-47.4058,-2.4661],[-47.4393,-2.4074],[-47.4695,-2.3693],[-47.5314,-2.3737],[-47.5662,-2.3448],[-47.6063,-2.3564],[-47.6212,-2.3744],[-47.7045,-2.3167],[-47.7872,-2.347],[-47.7948,-2.3339],[-47.8575,-2.3212],[-47.9308,-2.3266],[-47.9508,-2.3403],[-47.9591,-2.3797],[-47.9863,-2.4206],[-47.9555,-2.448],[-47.952,-2.5171],[-47.932,-2.5431],[-47.9793,-2.5978],[-48.0286,-2.6246],[-48.0474,-2.6483],[-48.0391,-2.7114],[-48.0737,-2.7751],[-48.0888,-2.8428],[-48.091,-2.8999],[-48.1287,-2.9473],[-48.1798,-2.9489],[-48.2024,-2.9698],[-48.2147,-3.0123],[-48.2481,-3.0733],[-48.2531,-3.1168],[-48.2858,-3.0936],[-48.3053,-3.1008],[-48.3197,-3.1444],[-48.3088,-3.1644],[-48.3324,-3.1975],[-48.3915,-3.2165],[-48.415,-3.2008],[-48.4484,-3.2376],[-48.4863,-3.2337],[-48.5306,-3.1957],[-48.5906,-3.2255],[-48.6329,-3.2296],[-48.6675,-3.254],[-48.69,-3.2932],[-48.757,-3.3435],[-48.7995,-3.3594],[-48.8195,-3.3801],[-48.8745,-3.3894],[-48.8945,-3.3756],[-48.9259,-3.407],[-48.9256,-3.4129],[-48.9277,-3.433],[-48.974,-3.4573],[-49.0248,-3.5112],[-49.0291,-3.5471],[-48.966,-3.5472],[-48.9443,-3.568],[-48.8839,-3.568],[-48.8613,-3.57],[-48.8405,-3.521],[-48.8368,-3.4686],[-48.8179,-3.4687],[-48.7609,-3.3952],[-48.7194,-3.3849],[-48.6966,-3.3596],[-48.6533,-3.3548],[-48.6256,-3.3078],[-48.5588,-3.3029],[-48.5402,-3.2776],[-48.5028,-3.2597],[-48.4742,-3.2758],[-48.4207,-3.2609],[-48.4087,-3.2799],[-48.3528,-3.2303],[-48.3047,-3.2505],[-48.289,-3.2223],[-48.2592,-3.2093],[-48.223,-3.2228],[-48.1579,-3.2239],[-48.1376,-3.1891],[-48.1122,-3.2089],[-48.0901,-3.1804],[-48.0992,-3.1538],[-48.069,-3.1417],[-48.0557,-3.1053],[-48.0013,-3.1127],[-47.9851,-3.0695],[-47.9535,-3.0853],[-47.9156,-3.0663],[-47.92,-3.0358],[-47.8731,-2.9984],[-47.8533,-3.0097],[-47.7988,-2.9789],[-47.8163,-2.9369],[-47.7861,-2.9125],[-47.8003,-2.8437],[-47.8413,-2.8586],[-47.8546,-2.7722],[-47.9072,-2.7376],[-47.8863,-2.706],[-47.8995,-2.6701],[-47.8647,-2.6458],[-47.8714,-2.6118],[-47.8281,-2.6222],[-47.8306,-2.5903],[-47.78,-2.5824],[-47.7647,-2.5226],[-47.7375,-2.5254],[-47.7136,-2.5664],[-47.6754,-2.6726],[-47.6851,-2.7337],[-47.664,-2.7449],[-47.6286,-2.7992],[-47.4987,-2.8744],[-47.4649,-2.8756],[-47.4113,-2.8964],[-47.392,-2.8897]]]}},{"type":"Feature","properties":{"codigo_ibge":"1503507","municipio":"Irituia"},"geometry":{"type":"Polygon","coordinates":[[[-47.5894,-1.8775],[-47.4908,-1.8639],[-47.4687,-1.8828],[-47.4662,-1.9142],[-47.4406,-1.9461],[-47.4319,-1.9863],[-47.4027,-2.0487],[-47.3991,-2.0786],[-47.3564,-2.0752],[-47.2993,-2.0201],[-47.2913,-1.9975],[-47.2601,-1.9905],[-47.2218,-1.9461],[-47.2297,-1.8849],[-47.2128,-1.8391],[-47.1932,-1.8196],[-47.2197,-1.7939],[-47.2532,-1.8045],[-47.2848,-1.7672],[-47.3093,-1.7095],[-47.3154,-1.6636],[-47.3066,-1.6113],[-47.3281,-1.6059],[-47.3581,-1.6208],[-47.4258,-1.6344],[-47.439,-1.6222],[-47.5098,-1.6302],[-47.5513,-1.5986],[-47.5775,-1.6118],[-47.6176,-1.6065],[-47.6203,-1.6319],[-47.6014,-1.6775],[-47.5838,-1.6889],[-47.5615,-1.7826],[-47.587,-1.8135],[-47.5791,-1.8574],[-47.5894,-1.8775]]]}},{"type":"Feature","properties":{"codigo_ibge":"1503606","municipio":"Itaituba"},"geometry":{"type":"Polygon","coordinates":[[[-55.6542,-4.0907],[-55.6984,-4.0556],[-55.7214,-4.0504],[-55.7434,-4.0035],[-55.8268,-4.0174],[-55.8467,-3.9994],[-55.8518,-3.9471],[-55.8679,-3.9155],[-55.8974,-3.9351],[-56.0113,-3.8548],[-56.0381,-3.9106],[-56.1135,-3.9623],[-56.1552,-3.9835],[-56.1529,-4.0071],[-56.1899,-4.0454],[-56.1889,-4.0967],[-56.2419,-4.1284],[-56.2378,-4.1557],[-56.311,-4.1725],[-56.3606,-4.1335],[-56.4684,-4.1286],[-56.5181,-4.1514],[-56.5328,-4.1757],[-56.527,-4.2338],[-56.5555,-4.2538],[-56.5517,-4.2771],[-56.5912,-4.3051],[-56.6285,-4.3015],[-56.6523,-4.2501],[-56.6793,-4.2328],[-56.7089,-4.2461],[-56.7323,-4.1578],[-56.7214,-4.0832],[-56.749,-4.0579],[-56.7523,-4.0248],[-56.7765,-4.0095],[-56.8248,-4.0097],[-56.8239,-3.9548],[-56.8385,-3.9335],[-56.8775,-3.9191],[-56.8758,-3.8218],[-56.8933,-3.8182],[-56.9062,-3.7454],[-56.8876,-3.7048],[-56.9017,-3.6862],[-56.9561,-3.6586],[-57.0005,-3.7591],[-57.2136,-4.2116],[-57.3502,-4.5018],[-57.5856,-5.0007],[-57.7718,-5.4071],[-57.8606,-5.6007],[-57.8209,-5.558],[-57.7812,-5.5616],[-57.7575,-5.5811],[-57.7144,-5.5475],[-57.6995,-5.5726],[-57.7252,-5.6224],[-57.7015,-5.6357],[-57.6448,-5.6366],[-57.608,-5.5889],[-57.5819,-5.5692],[-57.5212,-5.5454],[-57.4447,-5.5581],[-57.4242,-5.5866],[-57.3576,-5.6197],[-57.2789,-5.6247],[-57.2859,-5.6637],[-57.3204,-5.7232],[-57.2926,-5.7535],[-57.2692,-5.8133],[-57.2207,-5.8353],[-57.1869,-5.8651],[-57.0975,-5.8794],[-57.0617,-5.9058],[-56.9654,-5.9324],[-56.9711,-5.9905],[-56.9424,-5.9896],[-56.9149,-6.0128],[-56.8349,-6.0004],[-56.8285,-5.9814],[-56.783,-5.9806],[-56.7277,-5.9657],[-56.6916,-5.969],[-56.5976,-5.9987],[-56.6033,-6.0202],[-56.6779,-6.0616],[-56.724,-6.0727],[-56.7287,-6.1127],[-56.7545,-6.1536],[-56.7262,-6.1902],[-56.7416,-6.208],[-56.7237,-6.3006],[-56.7834,-6.3736],[-56.8081,-6.4566],[-56.8366,-6.4872],[-56.8569,-6.5779],[-56.8348,-6.6164],[-56.8842,-6.6686],[-56.8623,-6.748],[-56.8658,-6.7761],[-56.8483,-6.808],[-56.8441,-6.85],[-56.8609,-6.8877],[-56.8852,-6.8978],[-56.8925,-6.9909],[-56.9484,-7.0632],[-56.9969,-7.0897],[-57.0325,-7.1488],[-57.0635,-7.2185],[-57.1332,-7.2657],[-57.1554,-7.3217],[-57.1791,-7.3433],[-57.2,-7.3984],[-57.1951,-7.4967],[-57.1548,-7.5247],[-57.089,-7.5552],[-57.0652,-7.555],[-57.0381,-7.5914],[-57.0369,-7.6466],[-56.9878,-7.6542],[-56.9635,-7.6849],[-56.9511,-7.7247],[-56.9243,-7.7445],[-56.8837,-7.8017],[-56.9147,-7.821],[-56.9434,-7.8753],[-56.9362,-7.9121],[-56.8972,-7.9595],[-56.8948,-8.0244],[-56.8705,-8.0476],[-56.8389,-8.0548],[-56.7964,-8.1025],[-56.7282,-8.142],[-56.6964,-8.1775],[-56.6309,-8.2069],[-56.6345,-8.2487],[-56.5924,-8.267],[-56.533,-8.2607],[-56.4784,-8.275],[-56.4409,-8.3127],[-56.3874,-8.2904],[-56.3678,-8.2447],[-56.3399,-8.2439],[-56.313,-8.2657],[-56.2942,-8.3091],[-56.2349,-8.3134],[-56.1912,-8.3394],[-56.1978,-8.3593],[-56.1596,-8.4056],[-56.1593,-8.2422],[-56.1272,-8.1671],[-56.1297,-8.1282],[-56.0873,-8.0936],[-56.0827,-8.0413],[-56.0579,-7.9923],[-56.065,-7.9372],[-56.1171,-7.9185],[-56.1024,-7.8705],[-56.1392,-7.8095],[-56.1569,-7.7534],[-56.1439,-7.7133],[-56.173,-7.6552],[-56.165,-7.6078],[-56.1759,-7.557],[-56.1693,-7.4901],[-56.1945,-7.4442],[-56.2295,-7.4211],[-56.2404,-7.3309],[-56.2532,-7.3206],[-56.2057,-7.2721],[-56.2333,-7.2538],[-56.2111,-7.2024],[-56.2332,-7.1798],[-56.218,-7.156],[-56.2108,-7.0787],[-56.2275,-7.0272],[-56.2053,-6.9946],[-56.2104,-6.9396],[-56.1752,-6.9337],[-56.1689,-6.8992],[-56.1399,-6.8712],[-56.1414,-6.8262],[-56.1544,-6.8005],[-56.1302,-6.7705],[-56.148,-6.73],[-56.0868,-6.6849],[-56.0638,-6.65],[-56.0742,-6.6196],[-56.047,-6.5902],[-56.011,-6.6009],[-55.996,-6.5686],[-55.9488,-6.5623],[-55.9143,-6.5257],[-55.8909,-6.5365],[-55.8516,-6.4832],[-55.8348,-6.484],[-55.7648,-6.4134],[-55.7813,-6.3577],[-55.7416,-6.3287],[-55.7199,-6.2947],[-55.6963,-6.3458],[-55.6355,-6.3902],[-55.5934,-6.3864],[-55.4923,-6.4298],[-55.4845,-6.4553],[-55.415,-6.4716],[-55.3118,-6.5535],[-55.2831,-6.5822],[-55.2762,-6.6187],[-55.2503,-6.6483],[-55.2136,-6.6423],[-55.206,-6.6869],[-55.1903,-6.6949],[-55.2041,-6.7737],[-55.1907,-6.7723],[-55.1673,-6.6854],[-55.1882,-6.6587],[-55.1752,-6.6268],[-55.1955,-6.6033],[-55.192,-6.5485],[-55.2553,-6.4418],[-55.2426,-6.3555],[-55.3024,-6.3135],[-55.3353,-6.2492],[-55.3318,-6.1977],[-55.2953,-6.1745],[-55.3224,-6.1394],[-55.339,-6.0965],[-55.3214,-6.0415],[-55.2501,-6.0796],[-55.1998,-6.0974],[-55.1665,-6.0802],[-55.1332,-6.0392],[-55.0706,-6.0088],[-55.044,-6.0112],[-55.0243,-5.9362],[-55.0474,-5.9245],[-55.0875,-5.8461],[-55.212,-5.7377],[-55.2211,-5.7013],[-55.2692,-5.6157],[-55.2819,-5.5805],[-55.2716,-5.5489],[-55.2799,-5.5156],[-55.596,-5.5141],[-55.66,-5.5682],[-55.7041,-5.5824],[-55.714,-5.5408],[-55.7495,-5.4886],[-55.7879,-5.4832],[-55.8223,-5.4612],[-55.8609,-5.4046],[-55.8973,-5.4084],[-55.9307,-5.368],[-55.9583,-5.3639],[-55.974,-5.3945],[-55.9283,-5.4471],[-55.9426,-5.4753],[-55.9377,-5.586],[-56.0245,-5.6215],[-55.9991,-5.663],[-56.0417,-5.6787],[-56.0571,-5.6518],[-56.1206,-5.6193],[-56.13,-5.6432],[-56.1926,-5.6144],[-56.2232,-5.623],[-56.2883,-5.6122],[-56.3682,-5.5857],[-56.4081,-5.6177],[-56.4081,-5.6421],[-56.4493,-5.6441],[-56.4699,-5.6278],[-56.4838,-5.5833],[-56.5206,-5.5891],[-56.5547,-5.553],[-56.5949,-5.5448],[-56.596,-5.5039],[-56.613,-5.4648],[-56.6034,-5.3801],[-56.6472,-5.3349],[-56.664,-5.2895],[-56.619,-5.2211],[-56.5601,-5.2041],[-56.5409,-5.1487],[-56.5126,-5.1472],[-56.4842,-5.1209],[-56.4728,-5.0837],[-56.4441,-5.0413],[-56.4503,-5.005],[-56.4912,-4.9724],[-56.4974,-4.9197],[-56.4517,-4.9021],[-56.4571,-4.8469],[-56.44,-4.7619],[-56.4065,-4.7226],[-56.3878,-4.6787],[-56.2845,-4.6056],[-56.2609,-4.5671],[-56.1999,-4.6032],[-56.1739,-4.6033],[-56.1577,-4.6738],[-56.1822,-4.7107],[-56.1589,-4.7531],[-56.1782,-4.7818],[-56.1618,-4.8301],[-56.1265,-4.8437],[-56.0817,-4.8194],[-56.0459,-4.8501],[-56.0242,-4.7863],[-56.0484,-4.7672],[-56.0696,-4.7265],[-56.0574,-4.7047],[-56.0915,-4.6206],[-56.023,-4.5858],[-56.0168,-4.5567],[-55.9739,-4.5366],[-55.9424,-4.5493],[-55.8818,-4.5954],[-55.7928,-4.6294],[-55.7594,-4.6294],[-55.7185,-4.6515],[-55.7106,-4.6732],[-55.6346,-4.6901],[-55.5281,-4.6956],[-55.4828,-4.7357],[-55.4655,-4.6909],[-55.4929,-4.6501],[-55.4978,-4.6204],[-55.5264,-4.6043],[-55.5532,-4.5324],[-55.5708,-4.5376],[-55.6063,-4.5055],[-55.6511,-4.5184],[-55.6693,-4.4552],[-55.6245,-4.4094],[-55.6261,-4.3725],[-55.6568,-4.3061],[-55.68,-4.3033],[-55.7351,-4.2439],[-55.8001,-4.2896],[-55.8463,-4.2703],[-55.8745,-4.2159],[-55.7282,-4.1256],[-55.6542,-4.0907]]]}},{"type":"Feature","properties":{"codigo_ibge":"1503705","municipio":"Itupiranga"},"geometry":{"type":"Polygon","coordinates":[[[-50.5156,-5.1784],[-50.5072,-5.2252],[-50.4768,-5.2769],[-50.4288,-5.2706],[-50.4062,-5.295],[-50.3492,-5.3062],[-50.2963,-5.3277],[-50.2639,-5.3601],[-50.2074,-5.3682],[-50.1337,-5.3954],[-50.0989,-5.3991],[-50.0567,-5.4294],[-50.0278,-5.4132],[-50.0004,-5.4274],[-49.9084,-5.4159],[-49.8498,-5.3921],[-49.8262,-5.4027],[-49.8129,-5.4393],[-49.7555,-5.4503],[-49.6688,-5.4176],[-49.6345,-5.431],[-49.6024,-5.4145],[-49.5517,-5.4471],[-49.5374,-5.4364],[-49.4871,-5.467],[-49.4213,-5.4498],[-49.3838,-5.4189],[-49.4042,-5.3972],[-49.3865,-5.3488],[-49.3535,-5.3097],[-49.3613,-5.2879],[-49.3313,-5.2642],[-49.3397,-5.2126],[-49.3114,-5.1933],[-49.3195,-5.1593],[-49.319,-5.0805],[-49.3282,-5.0376],[-49.3207,-4.9814],[-49.3657,-4.9157],[-49.405,-4.9033],[-49.4062,-4.8526],[-49.4265,-4.7813],[-49.418,-4.6872],[-49.4255,-4.6965],[-49.4587,-4.7637],[-49.5004,-4.7837],[-49.7719,-4.8127],[-50.3156,-4.8275],[-50.2872,-4.8724],[-50.3194,-4.9194],[-50.3578,-4.9345],[-50.3923,-4.9615],[-50.4793,-4.9647],[-50.4781,-5.0817],[-50.5103,-5.1156],[-50.5026,-5.1356],[-50.5156,-5.1784]]]}},{"type":"Feature","properties":{"codigo_ibge":"1503754","municipio":"Jacareacanga"},"geometry":{"type":"Polygon","coordinates":[[[-58.1371,-7.3561],[-58.1214,-7.3518],[-58.0614,-7.3952],[-58.0398,-7.4463],[-58.0022,-7.4881],[-57.9521,-7.5801],[-57.9344,-7.6568],[-57.8967,-7.6779],[-57.8796,-7.7819],[-57.835,-7.8814],[-57.8319,-7.9615],[-57.7765,-8.0522],[-57.7325,-8.0892],[-57.7187,-8.1512],[-57.6729,-8.1726],[-57.6417,-8.2199],[-57.6802,-8.3269],[-57.6678,-8.3639],[-57.6866,-8.407],[-57.6831,-8.4301],[-57.6518,-8.4788],[-57.6591,-8.5004],[-57.6334,-8.5268],[-57.6505,-8.5534],[-57.6222,-8.5912],[-57.6226,-8.645],[-57.6053,-8.6628],[-57.5936,-8.7074],[-57.5929,-8.7565],[-57.5624,-8.7613],[-57.523,-8.7497],[-57.4635,-8.7847],[-57.4175,-8.7926],[-57.4162,-8.859],[-57.3844,-8.8796],[-57.3179,-8.8857],[-57.2895,-8.9158],[-57.2355,-8.9074],[-57.2038,-8.9208],[-57.1383,-8.9946],[-57.0946,-9.0171],[-57.0392,-9.0983],[-57.0604,-9.1371],[-57.0598,-9.1824],[-56.9955,-9.2338],[-56.9417,-9.2293],[-56.8201,-9.2463],[-56.7755,-9.3295],[-56.7723,-9.391],[-56.7543,-9.4064],[-56.7084,-9.3732],[-56.6719,-9.3674],[-56.2723,-9.4008],[-56.1565,-9.4104],[-56.1571,-9.0],[-56.1596,-8.4056],[-56.1978,-8.3593],[-56.1912,-8.3394],[-56.2349,-8.3134],[-56.2942,-8.3091],[-56.313,-8.2657],[-56.3399,-8.2439],[-56.3678,-8.2447],[-56.3874,-8.2904],[-56.4409,-8.3127],[-56.4784,-8.275],[-56.533,-8.2607],[-56.5924,-8.267],[-56.6345,-8.2487],[-56.6309,-8.2069],[-56.6964,-8.1775],[-56.7282,-8.142],[-56.7964,-8.1025],[-56.8389,-8.0548],[-56.8705,-8.0476],[-56.8948,-8.0244],[-56.8972,-7.9595],[-56.9362,-7.9121],[-56.9434,-7.8753],[-56.9147,-7.821],[-56.8837,-7.8017],[-56.9243,-7.7445],[-56.9511,-7.7247],[-56.9635,-7.6849],[-56.9878,-7.6542],[-57.0369,-7.6466],[-57.0381,-7.5914],[-57.0652,-7.555],[-57.089,-7.5552],[-57.1548,-7.5247],[-57.1951,-7.4967],[-57.2,-7.3984],[-57.1791,-7.3433],[-57.1554,-7.3217],[-57.1332,-7.2657],[-57.0635,-7.2185],[-57.0325,-7.1488],[-56.9969,-7.0897],[-56.9484,-7.0632],[-56.8925,-6.9909],[-56.8852,-6.8978],[-56.8609,-6.8877],[-56.8441,-6.85],[-56.8483,-6.808],[-56.8658,-6.7761],[-56.8623,-6.748],[-56.8842,-6.6686],[-56.8348,-6.6164],[-56.8569,-6.5779],[-56.8366,-6.4872],[-56.8081,-6.4566],[-56.7834,-6.3736],[-56.7237,-6.3006],[-56.7416,-6.208],[-56.7262,-6.1902],[-56.7545,-6.1536],[-56.7287,-6.1127],[-56.724,-6.0727],[-56.6779,-6.0616],[-56.6033,-6.0202],[-56.5976,-5.9987],[-56.6916,-5.969],[-56.7277,-5.9657],[-56.783,-5.9806],[-56.8285,-5.9814],[-56.8349,-6.0004],[-56.9149,-6.0128],[-56.9424,-5.9896],[-56.9711,-5.9905],[-56.9654,-5.9324],[-57.0617,-5.9058],[-57.0975,-5.8794],[-57.1869,-5.8651],[-57.2207,-5.8353],[-57.2692,-5.8133],[-57.2926,-5.7535],[-57.3204,-5.7232],[-57.2859,-5.6637],[-57.2789,-5.6247],[-57.3576,-5.6197],[-57.4242,-5.5866],[-57.4447,-5.5581],[-57.5212,-5.5454],[-57.5819,-5.5692],[-57.608,-5.5889],[-57.6448,-5.6366],[-57.7015,-5.6357],[-57.7252,-5.6224],[-57.6995,-5.5726],[-57.7144,-5.5475],[-57.7575,-5.5811],[-57.7812,-5.5616],[-57.8209,-5.558],[-57.8606,-5.6007],[-58.0336,-5.9781],[-58.2667,-6.4756],[-58.3271,-6.5004],[-58.3499,-6.5624],[-58.4273,-6.6162],[-58.4785,-6.6996],[-58.4818,-6.7814],[-58.4346,-6.9088],[-58.3802,-6.9705],[-58.3354,-6.9864],[-58.2883,-7.0617],[-58.2399,-7.0955],[-58.181,-7.1817],[-58.1678,-7.2392],[-58.17,-7.3132],[-58.1474,-7.3432],[-58.1371,-7.3561]]]}},{"type":"Feature","properties":{"codigo_ibge":"1503804","municipio":"Jacundá"},"geometry":{"type":"Polygon","coordinates":[[[-49.0005,-4.833],[-49.0004,-4.4093],[-49.017,-4.3683],[-49.0168,-4.3353],[-49.0436,-4.3195],[-49.1093,-4.3235],[-49.1324,-4.3542],[-49.1648,-4.3656],[-49.1941,-4.423],[-49.2291,-4.4068],[-49.2652,-4.435],[-49.3226,-4.5007],[-49.4968,-4.5003],[-49.467,-4.5595],[-49.4067,-4.6071],[-49.4366,-4.6583],[-49.4255,-4.6965],[-49.418,-4.6872],[-49.3752,-4.7427],[-49.3243,-4.7069],[-49.2806,-4.7083],[-49.2383,-4.7797],[-49.2258,-4.8267],[-49.0412,-4.8543],[-49.0005,-4.833]]]}},{"type":"Feature","properties":{"codigo_ibge":"1503903","municipio":"Juruti"},"geometry":{"type":"Polygon","coordinates":[[[-56.0987,-2.0269],[-56.0976,-2.0371],[-56.1694,-2.1455],[-56.2038,-2.1831],[-56.3072,-2.2425],[-56.3642,-2.2593],[-56.3892,-2.2785],[-56.4128,-2.3217],[-56.4257,-2.3692],[-56.4645,-2.4316],[-56.4021,-2.4565],[-56.4263,-2.5016],[-56.6098,-2.8963],[-56.7679,-3.2429],[-56.7249,-3.3436],[-56.7024,-3.3575],[-56.5005,-3.307],[-56.3446,-3.2648],[-56.0013,-2.6835],[-55.8191,-2.3766],[-55.8133,-2.3337],[-55.774,-2.2976],[-55.6923,-2.2623],[-55.6597,-2.1971],[-55.6187,-2.1831],[-55.6216,-2.1583],[-55.6189,-2.1166],[-55.6427,-2.0789],[-55.7689,-2.0025],[-55.8205,-2.0073],[-55.9025,-1.9987],[-55.9565,-1.9683],[-56.0382,-1.9387],[-56.0892,-1.9783],[-56.0987,-2.0269]]]}},{"type":"Feature","properties":{"codigo_ibge":"1504000","municipio":"Limoeiro do Ajuru"},"geometry":{"type":"Polygon","coordinates":[[[-49.3181,-1.9945],[-49.2639,-1.9449],[-49.2427,-1.8582],[-49.209,-1.7941],[-49.2002,-1.7529],[-49.1717,-1.7161],[-49.233,-1.7049],[-49.3226,-1.7037],[-49.4159,-1.7189],[-49.5098,-1.7579],[-49.5397,-1.7801],[-49.5861,-1.7797],[-49.6078,-1.7604],[-49.6221,-1.7649],[-49.7182,-1.8356],[-49.7469,-1.8937],[-49.7373,-1.9332],[-49.7152,-1.9386],[-49.7385,-2.0322],[-49.7065,-2.069],[-49.652,-2.0103],[-49.6108,-1.9928],[-49.594,-1.9724],[-49.4692,-1.9995],[-49.4173,-1.9556],[-49.4038,-1.9241],[-49.3659,-1.9284],[-49.3836,-1.9756],[-49.3654,-2.002],[-49.3181,-1.9945]]]}},{"type":"Feature","properties":{"codigo_ibge":"1504059","municipio":"Mãe do Rio"},"geometry":{"type":"Polygon","coordinates":[[[-47.587,-2.0003],[-47.5793,-2.067],[-47.5824,-2.1075],[-47.5549,-2.1014],[-47.5329,-2.131],[-47.511,-2.13],[-47.4704,-2.0875],[-47.3991,-2.0786],[-47.4027,-2.0487],[-47.4319,-1.9863],[-47.4406,-1.9461],[-47.4662,-1.9142],[-47.4687,-1.8828],[-47.4908,-1.8639],[-47.5894,-1.8775],[-47.6149,-1.9234],[-47.587,-2.0003]]]}},{"type":"Feature","properties":{"codigo_ibge":"1504109","municipio":"Magalhães Barata"},"geometry":{"type":"Polygon","coordinates":[[[-47.6315,-0.7063],[-47.6877,-0.7224],[-47.7199,-0.7447],[-47.7272,-0.826],[-47.7118,-0.8618],[-47.6443,-0.8781],[-47.5858,-0.9483],[-47.568,-0.911],[-47.55,-0.8274],[-47.5843,-0.7657],[-47.5804,-0.7499],[-47.6081,-0.6978],[-47.6315,-0.7063]]]}},{"type":"Feature","properties":{"codigo_ibge":"1504208","municipio":"Marabá"},"geometry":{"type":"Polygon","coordinates":[[[-49.0004,-4.8331],[-49.0003,-4.9069],[-49.0331,-4.9192],[-49.058,-4.9603],[-49.0543,-4.9775],[-49.1016,-5.0235],[-49.1161,-5.0582],[-49.1424,-5.0777],[-49.1343,-5.1257],[-49.1524,-5.1797],[-49.1477,-5.2185],[-49.1647,-5.2573],[-49.1276,-5.2781],[-49.1458,-5.3118],[-49.183,-5.3367],[-49.2453,-5.2841],[-49.3114,-5.1933],[-49.3397,-5.2126],[-49.3313,-5.2642],[-49.3613,-5.2879],[-49.3535,-5.3097],[-49.3865,-5.3488],[-49.4042,-5.3972],[-49.3838,-5.4189],[-49.4213,-5.4498],[-49.4871,-5.467],[-49.5374,-5.4364],[-49.5517,-5.4471],[-49.6024,-5.4145],[-49.6345,-5.431],[-49.6688,-5.4176],[-49.7555,-5.4503],[-49.8129,-5.4393],[-49.8262,-5.4027],[-49.8498,-5.3921],[-49.9084,-5.4159],[-50.0004,-5.4274],[-50.0278,-5.4132],[-50.0567,-5.4294],[-50.0989,-5.3991],[-50.1337,-5.3954],[-50.2074,-5.3682],[-50.2639,-5.3601],[-50.2963,-5.3277],[-50.3492,-5.3062],[-50.4062,-5.295],[-50.4288,-5.2706],[-50.4768,-5.2769],[-50.5072,-5.2252],[-50.5156,-5.1784],[-50.5705,-5.1969],[-50.6336,-5.1825],[-50.7202,-5.1747],[-50.7235,-5.2178],[-50.7671,-5.2238],[-50.7543,-5.308],[-50.7918,-5.315],[-50.7987,-5.3621],[-50.7869,-5.3997],[-50.8636,-5.4225],[-50.8793,-5.449],[-50.8743,-5.4915],[-50.9474,-5.5258],[-50.9564,-5.5405],[-50.9451,-5.5872],[-50.9528,-5.6143],[-50.9245,-5.6307],[-50.8782,-5.6325],[-50.8471,-5.7064],[-50.899,-5.6943],[-50.9462,-5.8037],[-51.022,-5.787],[-51.0316,-5.7694],[-51.0864,-5.781],[-51.111,-5.8147],[-51.1058,-5.8501],[-51.1261,-5.9188],[-51.1643,-5.928],[-51.1776,-5.9658],[-51.222,-5.9635],[-51.2637,-5.995],[-51.3298,-5.9636],[-51.3574,-5.9669],[-51.3933,-6.0162],[-51.3916,-6.0549],[-51.3481,-6.0553],[-51.2809,-6.1027],[-51.2457,-6.1724],[-51.2039,-6.1714],[-51.1488,-6.2167],[-51.1271,-6.1997],[-51.092,-6.1255],[-51.0716,-6.1216],[-50.9777,-5.989],[-50.9367,-5.9706],[-50.913,-5.9853],[-50.8544,-5.9829],[-50.8016,-5.9719],[-50.7841,-5.9869],[-50.7504,-5.9778],[-50.7229,-5.9547],[-50.7155,-5.9073],[-50.6818,-5.919],[-50.6502,-5.9089],[-50.5757,-5.9186],[-50.5313,-5.8813],[-50.4726,-5.8747],[-50.455,-5.8562],[-50.4162,-5.8556],[-50.39,-5.8772],[-50.3438,-5.8643],[-50.2989,-5.9026],[-50.2469,-5.9172],[-50.1954,-5.8828],[-50.169,-5.9099],[-50.1456,-5.9063],[-50.1054,-5.9244],[-50.0709,-5.8922],[-50.059,-5.9416],[-50.0175,-5.9454],[-50.0118,-5.9068],[-49.9811,-5.9201],[-49.9326,-5.8596],[-49.8675,-5.8683],[-49.8259,-5.8557],[-49.8319,-5.8362],[-49.7918,-5.7855],[-49.7802,-5.8354],[-49.7632,-5.8471],[-49.7686,-5.8882],[-49.7554,-5.9307],[-49.7188,-5.946],[-49.6731,-5.9307],[-49.6336,-5.9061],[-49.5113,-5.8829],[-49.4575,-5.9016],[-49.415,-5.8989],[-49.3749,-5.8637],[-49.3357,-5.8505],[-49.2994,-5.825],[-49.2684,-5.8203],[-49.2339,-5.7956],[-49.052,-5.8381],[-49.0337,-5.8308],[-48.9583,-5.8558],[-48.8936,-5.9046],[-48.8776,-5.9434],[-48.8522,-5.9651],[-48.7312,-5.8601],[-48.8168,-5.8062],[-48.8588,-5.7516],[-48.8904,-5.6888],[-48.9335,-5.6538],[-48.9435,-5.6158],[-48.9447,-5.5529],[-48.9415,-5.5236],[-49.0153,-5.4601],[-49.0055,-5.4102],[-49.0104,-5.3686],[-49.0356,-5.3366],[-48.9926,-5.2833],[-48.9833,-5.2696],[-49.0221,-5.1765],[-49.0024,-5.1231],[-49.0064,-5.0674],[-49.026,-5.0449],[-49.0142,-4.9869],[-48.9973,-4.9729],[-48.9353,-4.9708],[-48.9316,-4.9462],[-48.9533,-4.9202],[-49.0004,-4.8331]]]}},{"type":"Feature","properties":{"codigo_ibge":"1504307","municipio":"Maracanã"},"geometry":{"type":"Polygon","coordinates":[[[-47.4129,-0.9766],[-47.4019,-0.952],[-47.425,-0.8997],[-47.384,-0.8716],[-47.3811,-0.8365],[-47.3773,-0.8226],[-47.3966,-0.8154],[-47.3946,-0.7267],[-47.426,-0.6573],[-47.4115,-0.6039],[-47.4213,-0.5848],[-47.4744,-0.5923],[-47.479,-0.6572],[-47.47,-0.6938],[-47.5015,-0.7094],[-47.5315,-0.6164],[-47.5643,-0.5816],[-47.5887,-0.5757],[-47.5866,-0.6383],[-47.6081,-0.6978],[-47.5804,-0.7499],[-47.5843,-0.7657],[-47.55,-0.8274],[-47.568,-0.911],[-47.5858,-0.9483],[-47.6104,-1.0315],[-47.4258,-0.983],[-47.4129,-0.9766]]]}},{"type":"Feature","properties":{"codigo_ibge":"1504406","municipio":"Marapanim"},"geometry":{"type":"Polygon","coordinates":[[[-47.778,-1.0607],[-47.7066,-1.0573],[-47.6199,-1.0664],[-47.6104,-1.0315],[-47.5858,-0.9483],[-47.6443,-0.8781],[-47.7118,-0.8618],[-47.7272,-0.826],[-47.7199,-0.7447],[-47.6877,-0.7224],[-47.6315,-0.7063],[-47.6327,-0.6021],[-47.7039,-0.5346],[-47.7543,-0.5432],[-47.7712,-0.5643],[-47.7562,-0.6063],[-47.7707,-0.6674],[-47.7549,-0.6797],[-47.8151,-0.8929],[-47.8148,-0.922],[-47.8096,-0.9549],[-47.7687,-0.9726],[-47.778,-1.0607]]]}},{"type":"Feature","properties":{"codigo_ibge":"1504422","municipio":"Marituba"},"geometry":{"type":"Polygon","coordinates":[[[-48.3399,-1.329],[-48.3654,-1.3653],[-48.3636,-1.4069],[-48.3365,-1.4111],[-48.3455,-1.4513],[-48.3318,-1.4669],[-48.293,-1.4705],[-48.2773,-1.3942],[-48.3011,-1.3369],[-48.3399,-1.329]]]}},{"type":"Feature","properties":{"codigo_ibge":"1504455","municipio":"Medicilândia"},"geometry":{"type":"Polygon","coordinates":[[[-53.1566,-3.665],[-53.1173,-3.6287],[-53.0519,-3.657],[-53.0336,-3.6498],[-53.0239,-3.6091],[-52.9971,-3.6306],[-52.9449,-3.618],[-52.898,-3.6332],[-52.8556,-3.6183],[-52.8187,-3.6267],[-52.7872,-3.5781],[-52.7639,-3.578],[-52.7487,-3.532],[-52.7285,-3.5099],[-52.6946,-3.5004],[-52.6693,-3.4649],[-52.6981,-3.3536],[-52.7175,-3.3327],[-52.7554,-3.2646],[-52.8196,-3.1864],[-52.843,-3.1672],[-52.8775,-3.1007],[-52.8854,-3.0604],[-52.8764,-2.9732],[-52.8897,-2.9584],[-52.8736,-2.8108],[-52.9547,-2.7693],[-52.9594,-2.742],[-53.0014,-2.6718],[-53.0015,-2.6716],[-53.0288,-2.682],[-53.1069,-2.686],[-53.1464,-2.6653],[-53.1701,-2.6952],[-53.2079,-2.7207],[-53.2529,-2.7743],[-53.3097,-2.7433],[-53.358,-2.7373],[-53.4085,-2.7499],[-53.4544,-2.7765],[-53.4872,-2.7649],[-53.5649,-2.7918],[-53.5943,-2.8131],[-53.6084,-2.8652],[-53.8554,-2.8875],[-53.8308,-2.9168],[-53.834,-2.9709],[-53.7945,-3.0204],[-53.7149,-3.0157],[-53.6648,-3.0418],[-53.6352,-3.0985],[-53.5863,-3.1746],[-53.5576,-3.1891],[-53.553,-3.2148],[-53.5255,-3.2295],[-53.5089,-3.2784],[-53.4974,-3.3738],[-53.4871,-3.3997],[-53.4991,-3.4381],[-53.4771,-3.4661],[-53.4987,-3.5159],[-53.474,-3.5419],[-53.4336,-3.5364],[-53.3997,-3.514],[-53.3314,-3.5111],[-53.264,-3.4961],[-53.2511,-3.514],[-53.224,-3.5965],[-53.1566,-3.665]]]}},{"type":"Feature","properties":{"codigo_ibge":"1504505","municipio":"Melgaço"},"geometry":{"type":"Polygon","coordinates":[[[-50.3004,-1.8055],[-50.3384,-1.8064],[-50.4767,-1.7741],[-50.5029,-1.7489],[-50.5326,-1.747],[-50.5736,-1.7203],[-50.602,-1.6661],[-50.6776,-1.5985],[-50.7313,-1.559],[-50.7509,-1.5038],[-50.7976,-1.4322],[-50.8399,-1.4248],[-50.876,-1.4463],[-50.8969,-1.397],[-50.8416,-1.2975],[-50.8046,-1.2741],[-50.8151,-1.2033],[-50.9369,-1.1193],[-51.0031,-1.1162],[-51.0674,-1.1511],[-51.1334,-1.1708],[-51.166,-1.1509],[-51.1906,-1.1178],[-51.2169,-1.108],[-51.2355,-1.164],[-51.2763,-1.221],[-51.237,-1.2378],[-51.2091,-1.2267],[-51.4581,-1.6428],[-51.5043,-1.6397],[-51.566,-1.6933],[-51.7611,-1.7231],[-51.8597,-1.7582],[-51.8898,-1.7303],[-51.9522,-1.798],[-51.9635,-1.8256],[-51.9662,-1.876],[-51.8746,-1.9446],[-51.8256,-1.9634],[-51.7554,-1.9381],[-51.7316,-1.8912],[-51.673,-1.8581],[-51.5993,-1.8804],[-51.5544,-1.867],[-51.5155,-1.8422],[-51.4799,-1.8358],[-51.4326,-1.7971],[-51.3457,-1.7767],[-51.3011,-1.7476],[-51.2719,-1.7567],[-51.2186,-1.7993],[-51.114,-1.825],[-51.0531,-1.8232],[-51.0305,-1.8459],[-50.983,-1.841],[-50.9412,-1.8591],[-50.9116,-1.8867],[-50.8755,-1.8683],[-50.8447,-1.8929],[-50.7983,-1.913],[-50.7396,-1.8895],[-50.7356,-1.866],[-50.6755,-1.7957],[-50.6219,-1.7973],[-50.5806,-1.8612],[-50.5265,-1.9234],[-50.4545,-1.9319],[-50.4097,-1.933],[-50.2885,-1.8471],[-50.3004,-1.8055]]]}},{"type":"Feature","properties":{"codigo_ibge":"1504604","municipio":"Mocajuba"},"geometry":{"type":"Polygon","coordinates":[[[-49.2975,-2.4506],[-49.3712,-2.4945],[-49.3987,-2.5395],[-49.4277,-2.5318],[-49.4626,-2.5636],[-49.4787,-2.5346],[-49.5079,-2.5529],[-49.5344,-2.514],[-49.58,-2.4915],[-49.6761,-2.5897],[-49.7004,-2.5447],[-49.7449,-2.5354],[-49.7421,-2.5967],[-49.7504,-2.6474],[-49.7335,-2.6662],[-49.6767,-2.6635],[-49.3865,-2.664],[-49.3577,-2.657],[-49.3113,-2.6684],[-49.3033,-2.6231],[-49.2619,-2.5731],[-49.2662,-2.5429],[-49.2037,-2.4855],[-49.2022,-2.463],[-49.2319,-2.4133],[-49.2975,-2.4506]]]}},{"type":"Feature","properties":{"codigo_ibge":"1504703","municipio":"Moju"},"geometry":{"type":"Polygon","coordinates":[[[-48.8282,-2.6015],[-48.8555,-2.5789],[-48.8603,-2.5346],[-48.8784,-2.4999],[-48.8593,-2.3917],[-48.8037,-2.3777],[-48.7876,-2.3233],[-48.7477,-2.2874],[-48.7465,-2.2615],[-48.7098,-2.2368],[-48.7105,-2.1967],[-48.6849,-2.1948],[-48.6309,-2.1562],[-48.6228,-2.1213],[-48.5972,-2.1002],[-48.5853,-2.0465],[-48.5431,-2.0225],[-48.511,-1.9779],[-48.4918,-1.909],[-48.465,-1.8756],[-48.472,-1.8376],[-48.4512,-1.7948],[-48.4415,-1.6558],[-48.4899,-1.6767],[-48.5162,-1.6735],[-48.5304,-1.6993],[-48.9058,-1.9566],[-48.8746,-1.9953],[-48.9257,-2.0216],[-48.9632,-2.062],[-48.9485,-2.1016],[-48.9602,-2.1569],[-49.0127,-2.1983],[-49.0907,-2.241],[-49.1103,-2.3049],[-49.1392,-2.32],[-49.1577,-2.3666],[-49.2319,-2.4133],[-49.2022,-2.463],[-49.2037,-2.4855],[-49.2662,-2.5429],[-49.2619,-2.5731],[-49.3033,-2.6231],[-49.3113,-2.6684],[-49.3577,-2.657],[-49.3865,-2.664],[-49.4027,-2.7154],[-49.4373,-2.7147],[-49.4706,-2.7606],[-49.4654,-2.8577],[-49.4537,-2.8914],[-49.4908,-2.9248],[-49.5625,-2.9395],[-49.6235,-3.0009],[-49.6294,-3.0495],[-49.6162,-3.0887],[-49.5638,-3.1207],[-49.5323,-3.1965],[-49.5233,-3.2604],[-49.4847,-3.3522],[-49.4605,-3.371],[-49.4726,-3.4153],[-49.0009,-3.4121],[-48.9256,-3.4129],[-48.9259,-3.407],[-48.9531,-3.3124],[-48.967,-3.2169],[-48.9119,-3.1513],[-48.947,-3.0862],[-48.9905,-3.0633],[-48.9915,-2.9843],[-49.0049,-2.9481],[-49.0372,-2.9099],[-49.0322,-2.8577],[-48.9802,-2.8321],[-48.9911,-2.7959],[-48.9454,-2.7537],[-48.9397,-2.7302],[-48.8937,-2.6838],[-48.835,-2.6386],[-48.8282,-2.6015]]]}},{"type":"Feature","properties":{"codigo_ibge":"1504752","municipio":"Mojuí dos Campos"},"geometry":{"type":"Polygon","coordinates":[[[-54.2489,-3.2665],[-54.2474,-3.1432],[-54.2283,-3.1378],[-54.225,-3.075],[-54.2603,-2.9992],[-54.25,-2.9522],[-54.2944,-2.8864],[-54.3304,-2.8743],[-54.3667,-2.7875],[-54.3898,-2.7811],[-54.4668,-2.787],[-54.4819,-2.7785],[-54.5653,-2.6727],[-54.6003,-2.6536],[-54.625,-2.6208],[-54.7181,-2.5936],[-54.7389,-2.65],[-54.7764,-2.6611],[-54.8324,-2.6611],[-54.8332,-2.9806],[-54.8343,-3.2828],[-54.8337,-3.5561],[-54.8017,-3.5272],[-54.701,-3.5233],[-54.7124,-3.4878],[-54.6468,-3.4195],[-54.6051,-3.4131],[-54.5434,-3.3599],[-54.4978,-3.3946],[-54.4553,-3.3906],[-54.3893,-3.3706],[-54.3413,-3.3782],[-54.286,-3.4024],[-54.289,-3.3782],[-54.2558,-3.3553],[-54.2641,-3.3103],[-54.2489,-3.2665]]]}},{"type":"Feature","properties":{"codigo_ibge":"1504802","municipio":"Monte Alegre"},"geometry":{"type":"Polygon","coordinates":[[[-54.2659,-2.4154],[-54.1484,-2.3602],[-54.0933,-2.3074],[-54.0492,-2.2335],[-54.0354,-2.1772],[-54.0361,-2.1126],[-54.0244,-2.0902],[-53.9583,-2.0271],[-53.92,-2.0007],[-53.8003,-1.9341],[-53.7936,-1.8841],[-53.8341,-1.8849],[-53.9184,-1.9095],[-53.791,-1.7243],[-53.8221,-1.6997],[-53.9039,-1.6869],[-53.9272,-1.6653],[-53.864,-1.6114],[-53.8849,-1.5554],[-53.8851,-1.5075],[-53.8243,-1.4293],[-53.8167,-1.3791],[-53.8301,-1.3406],[-53.8761,-1.3054],[-53.8798,-1.285],[-53.8547,-1.244],[-53.8791,-1.2049],[-53.9034,-1.0929],[-53.9024,-1.0483],[-53.9441,-1.0365],[-53.9594,-0.9945],[-54.035,-0.9017],[-54.078,-0.8896],[-54.1214,-0.8491],[-54.1235,-0.8276],[-54.071,-0.7829],[-54.0292,-0.6622],[-54.0256,-0.6296],[-54.0667,-0.629],[-54.0881,-0.6086],[-54.1298,-0.618],[-54.1238,-0.5856],[-54.1799,-0.5956],[-54.1833,-0.5351],[-54.2139,-0.5185],[-54.2332,-0.4781],[-54.2712,-0.4909],[-54.3198,-0.4708],[-54.3437,-0.4453],[-54.3227,-0.4291],[-54.3287,-0.3957],[-54.3191,-0.3577],[-54.35,-0.2986],[-54.3902,-0.2525],[-54.3685,-0.2233],[-54.3824,-0.1702],[-54.4236,-0.1116],[-54.4347,-0.0699],[-54.4017,-0.0718],[-54.3879,-0.0079],[-54.4044,0.0339],[-54.4423,0.0508],[-54.4469,0.0857],[-54.5361,0.0868],[-54.6022,0.1383],[-54.6407,0.1336],[-54.6842,0.2449],[-54.7452,0.3044],[-54.7969,0.3295],[-54.8138,0.3577],[-54.8457,0.3549],[-54.8621,0.3725],[-54.9048,0.3283],[-54.8999,0.2458],[-54.9033,0.1761],[-54.9257,0.1418],[-54.8998,0.0897],[-54.8903,0.0491],[-54.8523,0.0275],[-54.8686,-0.0141],[-54.8699,-0.0537],[-54.9105,-0.0981],[-54.9236,-0.159],[-54.9154,-0.2228],[-54.9257,-0.254],[-54.8953,-0.2836],[-54.8578,-0.374],[-54.8179,-0.3832],[-54.8232,-0.4298],[-54.7995,-0.4798],[-54.7978,-0.5097],[-54.7549,-0.5659],[-54.6772,-0.6214],[-54.6909,-0.6958],[-54.6769,-0.7638],[-54.6572,-0.7995],[-54.6472,-0.8581],[-54.6053,-0.8818],[-54.6016,-0.9478],[-54.6155,-1.0088],[-54.6662,-1.0232],[-54.6883,-1.0938],[-54.686,-1.1564],[-54.6987,-1.1787],[-54.6937,-1.2195],[-54.6712,-1.2496],[-54.6241,-1.2562],[-54.6362,-1.361],[-54.6302,-1.4022],[-54.6453,-1.4294],[-54.6102,-1.4751],[-54.5745,-1.484],[-54.5541,-1.5209],[-54.5023,-1.5179],[-54.459,-1.4931],[-54.4367,-1.493],[-54.4093,-1.5339],[-54.3771,-1.5581],[-54.3665,-1.6069],[-54.3826,-1.6385],[-54.3675,-1.6695],[-54.3621,-1.7211],[-54.3959,-1.7227],[-54.3992,-1.7754],[-54.389,-1.7994],[-54.4197,-1.8233],[-54.4091,-1.8843],[-54.4437,-1.9166],[-54.4727,-1.9621],[-54.4945,-2.0173],[-54.535,-2.059],[-54.5117,-2.0725],[-54.5123,-2.1094],[-54.3282,-2.3995],[-54.2659,-2.4154]]]}},{"type":"Feature","properties":{"codigo_ibge":"1504901","municipio":"Muaná"},"geometry":{"type":"Polygon","coordinates":[[[-49.1545,-1.7018],[-49.1313,-1.6848],[-49.0638,-1.6115],[-49.0126,-1.5732],[-48.9476,-1.551],[-48.9695,-1.4897],[-48.9905,-1.4842],[-49.1024,-1.4039],[-49.1098,-1.3771],[-49.1051,-1.3178],[-49.0889,-1.2805],[-49.1295,-1.2008],[-49.1658,-1.1563],[-49.194,-1.1564],[-49.2128,-1.1073],[-49.1769,-1.0629],[-49.2,-1.0489],[-49.2201,-1.0004],[-49.3267,-0.9717],[-49.3289,-0.9376],[-49.4015,-0.9275],[-49.4365,-0.9135],[-49.4451,-0.956],[-49.4792,-0.9895],[-49.5243,-0.9708],[-49.5335,-1.0051],[-49.4835,-1.0256],[-49.4733,-1.0549],[-49.5062,-1.0687],[-49.5071,-1.1136],[-49.5266,-1.188],[-49.5902,-1.3323],[-49.6006,-1.3682],[-49.5444,-1.3797],[-49.4964,-1.4212],[-49.5198,-1.4557],[-49.5205,-1.495],[-49.5046,-1.52],[-49.4964,-1.6178],[-49.4508,-1.6517],[-49.4159,-1.7189],[-49.3226,-1.7037],[-49.233,-1.7049],[-49.1717,-1.7161],[-49.1545,-1.7018]]]}},{"type":"Feature","properties":{"codigo_ibge":"1504950","municipio":"Nova Esperança do Piriá"},"geometry":{"type":"Polygon","coordinates":[[[-46.4394,-2.4132],[-46.5004,-2.3815],[-46.6055,-2.2231],[-46.6069,-2.2372],[-46.8444,-1.8998],[-46.8508,-2.0637],[-46.8693,-2.0972],[-46.8666,-2.1236],[-46.9047,-2.1565],[-46.8881,-2.2097],[-46.9245,-2.2184],[-46.9523,-2.2482],[-47.0401,-2.3082],[-47.0805,-2.3254],[-47.1026,-2.3576],[-47.1115,-2.4019],[-47.1062,-2.4529],[-47.0878,-2.5047],[-47.1045,-2.5522],[-47.1408,-2.5527],[-47.1569,-2.5728],[-47.2138,-2.5933],[-47.2705,-2.5687],[-47.3373,-2.5764],[-47.3388,-2.6141],[-47.3111,-2.6499],[-47.3697,-2.6863],[-47.3713,-2.7161],[-47.3908,-2.7492],[-47.4055,-2.8344],[-47.392,-2.8897],[-47.0573,-2.6188],[-47.051,-2.5543],[-47.0272,-2.4971],[-46.9754,-2.4752],[-46.9093,-2.4223],[-46.8392,-2.4236],[-46.7746,-2.4105],[-46.7311,-2.4166],[-46.629,-2.4728],[-46.5711,-2.4961],[-46.4847,-2.5013],[-46.4797,-2.4816],[-46.4358,-2.4709],[-46.4394,-2.4132]]]}},{"type":"Feature","properties":{"codigo_ibge":"1504976","municipio":"Nova Ipixuna"},"geometry":{"type":"Polygon","coordinates":[[[-49.418,-4.6872],[-49.4265,-4.7813],[-49.4062,-4.8526],[-49.405,-4.9033],[-49.3657,-4.9157],[-49.3207,-4.9814],[-49.3282,-5.0376],[-49.319,-5.0805],[-49.3195,-5.1593],[-49.3114,-5.1933],[-49.2453,-5.2841],[-49.183,-5.3367],[-49.1458,-5.3118],[-49.1276,-5.2781],[-49.1647,-5.2573],[-49.1477,-5.2185],[-49.1524,-5.1797],[-49.1343,-5.1257],[-49.1424,-5.0777],[-49.1161,-5.0582],[-49.1016,-5.0235],[-49.0543,-4.9775],[-49.058,-4.9603],[-49.0331,-4.9192],[-49.0003,-4.9069],[-49.0004,-4.8331],[-49.0005,-4.833],[-49.0412,-4.8543],[-49.2258,-4.8267],[-49.2383,-4.7797],[-49.2806,-4.7083],[-49.3243,-4.7069],[-49.3752,-4.7427],[-49.418,-4.6872]]]}},{"type":"Feature","properties":{"codigo_ibge":"1505007","municipio":"Nova Timboteua"},"geometry":{"type":"Polygon","coordinates":[[[-47.4029,-0.9772],[-47.4002,-1.0163],[-47.4121,-1.0616],[-47.4458,-1.1142],[-47.4757,-1.203],[-47.496,-1.2369],[-47.481,-1.2641],[-47.4289,-1.3006],[-47.4275,-1.37],[-47.343,-1.2871],[-47.3452,-1.1073],[-47.3188,-1.064],[-47.3206,-1.0306],[-47.2856,-0.987],[-47.2944,-0.969],[-47.4029,-0.9772]]]}},{"type":"Feature","properties":{"codigo_ibge":"1505031","municipio":"Novo Progresso"},"geometry":{"type":"Polygon","coordinates":[[[-55.8672,-9.4343],[-55.3779,-9.4743],[-54.9956,-9.5053],[-54.6135,-9.5358],[-54.6324,-9.5029],[-54.6713,-9.4854],[-54.684,-9.405],[-54.7178,-9.3728],[-54.7323,-9.3165],[-54.7723,-9.3001],[-54.72,-9.2395],[-54.7107,-9.2104],[-54.6747,-9.1864],[-54.6813,-9.1529],[-54.7178,-9.1557],[-54.7511,-9.1095],[-54.8109,-9.0918],[-54.8741,-9.0634],[-54.9444,-9.0511],[-54.9836,-9.0529],[-55.1116,-9.0381],[-55.1185,-8.9867],[-55.1725,-8.9667],[-55.1612,-8.9145],[-55.1825,-8.8687],[-55.1784,-8.8428],[-55.222,-8.8467],[-55.2419,-8.8269],[-55.2355,-8.7812],[-55.2709,-8.7378],[-55.2577,-8.7164],[-55.2084,-8.7323],[-55.1768,-8.7013],[-55.1514,-8.7426],[-55.1189,-8.7732],[-55.0895,-8.7759],[-55.0686,-8.7182],[-55.1198,-8.6597],[-55.1712,-8.6324],[-55.166,-8.553],[-55.1774,-8.5148],[-55.208,-8.475],[-55.1901,-8.421],[-55.2144,-8.3816],[-55.1949,-8.3471],[-55.2153,-8.3034],[-55.2001,-8.2829],[-55.2376,-8.2327],[-55.2025,-8.1687],[-55.213,-8.1426],[-55.1723,-8.1138],[-55.1275,-8.0618],[-55.1443,-8.0045],[-55.1141,-7.9706],[-55.0817,-7.965],[-55.064,-7.9335],[-55.0876,-7.8771],[-55.041,-7.8315],[-55.007,-7.8172],[-55.0153,-7.752],[-55.0791,-7.7284],[-55.1121,-7.6953],[-55.0796,-7.654],[-55.0641,-7.5878],[-55.0647,-7.5258],[-55.0865,-7.52],[-55.1085,-7.4875],[-55.1472,-7.4907],[-55.1759,-7.4578],[-55.1519,-7.4387],[-55.2104,-7.3983],[-55.193,-7.3526],[-55.2103,-7.3307],[-55.1973,-7.2988],[-55.1996,-7.2453],[-55.2525,-7.1593],[-55.24,-7.1087],[-55.2518,-6.9791],[-55.2261,-6.9719],[-55.2359,-6.9285],[-55.1939,-6.8911],[-55.2206,-6.8476],[-55.203,-6.8365],[-55.2041,-6.7737],[-55.1903,-6.6949],[-55.206,-6.6869],[-55.2136,-6.6423],[-55.2503,-6.6483],[-55.2762,-6.6187],[-55.2831,-6.5822],[-55.3118,-6.5535],[-55.415,-6.4716],[-55.4845,-6.4553],[-55.4923,-6.4298],[-55.5934,-6.3864],[-55.6355,-6.3902],[-55.6963,-6.3458],[-55.7199,-6.2947],[-55.7416,-6.3287],[-55.7813,-6.3577],[-55.7648,-6.4134],[-55.8348,-6.484],[-55.8516,-6.4832],[-55.8909,-6.5365],[-55.9143,-6.5257],[-55.9488,-6.5623],[-55.996,-6.5686],[-56.011,-6.6009],[-56.047,-6.5902],[-56.0742,-6.6196],[-56.0638,-6.65],[-56.0868,-6.6849],[-56.148,-6.73],[-56.1302,-6.7705],[-56.1544,-6.8005],[-56.1414,-6.8262],[-56.1399,-6.8712],[-56.1689,-6.8992],[-56.1752,-6.9337],[-56.2104,-6.9396],[-56.2053,-6.9946],[-56.2275,-7.0272],[-56.2108,-7.0787],[-56.218,-7.156],[-56.2332,-7.1798],[-56.2111,-7.2024],[-56.2333,-7.2538],[-56.2057,-7.2721],[-56.2532,-7.3206],[-56.2404,-7.3309],[-56.2295,-7.4211],[-56.1945,-7.4442],[-56.1693,-7.4901],[-56.1759,-7.557],[-56.165,-7.6078],[-56.173,-7.6552],[-56.1439,-7.7133],[-56.1569,-7.7534],[-56.1392,-7.8095],[-56.1024,-7.8705],[-56.1171,-7.9185],[-56.065,-7.9372],[-56.0579,-7.9923],[-56.0827,-8.0413],[-56.0873,-8.0936],[-56.1297,-8.1282],[-56.1272,-8.1671],[-56.1593,-8.2422],[-56.1596,-8.4056],[-56.1571,-9.0],[-56.1565,-9.4104],[-55.8672,-9.4343]]]}},{"type":"Feature","properties":{"codigo_ibge":"1505064","municipio":"Novo Repartimento"},"geometry":{"type":"Polygon","coordinates":[[[-49.4968,-4.5003],[-49.495,-4.4653],[-49.5114,-4.4062],[-49.5062,-4.3828],[-49.5257,-4.3195],[-49.5591,-4.2571],[-49.5951,-4.1482],[-49.6069,-4.0729],[-49.8064,-4.0712],[-49.8096,-4.0368],[-49.8483,-3.9678],[-49.9007,-4.0242],[-49.9311,-4.0718],[-49.9825,-4.0531],[-50.0459,-4.0753],[-50.1085,-4.078],[-50.5004,-3.9637],[-50.8814,-3.8536],[-50.7939,-4.0004],[-50.6733,-4.2087],[-50.7157,-4.2421],[-50.7616,-4.2501],[-50.8184,-4.2949],[-50.8825,-4.289],[-50.9385,-4.2703],[-50.9937,-4.2713],[-50.9821,-4.2903],[-50.9961,-4.3467],[-50.9005,-4.4123],[-50.8798,-4.4475],[-50.9067,-4.4959],[-50.8946,-4.5819],[-50.9201,-4.626],[-50.9064,-4.6747],[-50.9304,-4.6839],[-50.9066,-4.7288],[-50.9404,-4.7617],[-50.9123,-4.8647],[-50.8584,-4.8689],[-50.8553,-4.941],[-50.86,-5.0004],[-50.8893,-5.0775],[-50.9302,-5.1506],[-50.8465,-5.1652],[-50.8132,-5.1522],[-50.7532,-5.1759],[-50.7202,-5.1747],[-50.6336,-5.1825],[-50.5705,-5.1969],[-50.5156,-5.1784],[-50.5026,-5.1356],[-50.5103,-5.1156],[-50.4781,-5.0817],[-50.4793,-4.9647],[-50.3923,-4.9615],[-50.3578,-4.9345],[-50.3194,-4.9194],[-50.2872,-4.8724],[-50.3156,-4.8275],[-49.7719,-4.8127],[-49.5004,-4.7837],[-49.4587,-4.7637],[-49.4255,-4.6965],[-49.4366,-4.6583],[-49.4067,-4.6071],[-49.467,-4.5595],[-49.4968,-4.5003]]]}},{"type":"Feature","properties":{"codigo_ibge":"1505106","municipio":"Óbidos"},"geometry":{"type":"Polygon","coordinates":[[[-55.6216,-2.1583],[-55.5766,-2.1703],[-55.4689,-2.1317],[-55.4068,-2.1301],[-55.3708,-2.1376],[-55.3592,-2.1741],[-55.2839,-2.2159],[-55.1977,-2.2268],[-55.1615,-2.2561],[-55.128,-2.2632],[-55.0699,-2.2328],[-55.0949,-2.1669],[-55.1425,-2.165],[-55.2509,-2.131],[-55.2665,-2.1064],[-55.209,-2.104],[-55.1848,-2.047],[-55.1859,-1.9906],[-55.1602,-1.9662],[-55.1767,-1.9222],[-55.1665,-1.7312],[-55.174,-1.6793],[-55.4134,-1.3991],[-55.4136,-0.9199],[-55.4136,-0.3736],[-55.4136,0.213],[-55.4135,0.7896],[-55.4134,1.0008],[-55.4136,1.5457],[-55.4454,1.5528],[-55.4699,1.585],[-55.4321,1.6435],[-55.4276,1.6686],[-55.455,1.7207],[-55.439,1.7667],[-55.4619,1.8281],[-55.5513,1.8667],[-55.5857,1.8995],[-55.5836,1.9596],[-55.517,2.0231],[-55.5124,2.0569],[-55.5547,2.0787],[-55.5562,2.1023],[-55.615,2.1355],[-55.6073,2.1636],[-55.6274,2.2226],[-55.6588,2.2657],[-55.6899,2.3403],[-55.7077,2.4032],[-55.718,2.4021],[-55.7856,2.3936],[-55.8336,2.4092],[-55.8681,2.3996],[-55.9243,2.3677],[-55.9466,2.3315],[-55.944,2.2942],[-55.9568,2.236],[-55.9525,2.1951],[-55.9254,2.1722],[-55.8985,2.128],[-55.8988,2.1076],[-55.8713,2.0741],[-55.8813,2.0373],[-55.836,1.9583],[-55.8114,1.805],[-55.8391,1.7621],[-55.822,1.7259],[-55.798,1.6055],[-55.7481,1.516],[-55.732,1.4654],[-55.6615,1.442],[-55.6209,1.4006],[-55.6121,1.359],[-55.5905,1.3313],[-55.5886,1.2969],[-55.6102,1.262],[-55.6002,1.2267],[-55.6335,1.196],[-55.6281,1.1769],[-55.6577,1.1528],[-55.6569,1.1274],[-55.7265,1.0931],[-55.7268,1.0492],[-55.74,1.0229],[-55.7301,0.9859],[-55.7583,0.9174],[-55.7464,0.8898],[-55.7728,0.8751],[-55.7949,0.8202],[-55.8432,0.8166],[-55.8581,0.7898],[-55.8871,0.7823],[-55.8948,0.7382],[-55.9483,0.7186],[-55.9701,0.6299],[-55.9652,0.5957],[-55.977,0.5578],[-55.959,0.5357],[-55.9194,0.527],[-55.9221,0.4409],[-55.9042,0.4253],[-55.8948,0.3683],[-55.9478,0.3466],[-56.0163,0.3595],[-56.0231,0.3787],[-56.1018,0.3995],[-56.1406,0.3371],[-56.1613,0.3173],[-56.1501,0.2626],[-56.1748,0.2051],[-56.1392,0.1175],[-56.0896,0.0539],[-56.0932,0.0284],[-56.0453,-0.0314],[-56.0281,-0.0869],[-56.0228,-0.2198],[-56.0517,-0.2669],[-56.0548,-0.2999],[-56.0391,-0.3261],[-56.0519,-0.3497],[-56.0427,-0.4028],[-56.0952,-0.4411],[-56.1109,-0.4969],[-56.1301,-0.5174],[-56.1549,-0.5027],[-56.1993,-0.5454],[-56.2137,-0.5797],[-56.2014,-0.5966],[-56.2163,-0.6739],[-56.2447,-0.6956],[-56.2669,-0.7521],[-56.2499,-0.774],[-56.2256,-0.8566],[-56.209,-0.8458],[-56.146,-0.8539],[-56.1404,-0.8842],[-56.1056,-0.9153],[-56.0743,-0.9718],[-56.0808,-1.028],[-56.0415,-1.0722],[-56.0695,-1.207],[-56.0394,-1.2245],[-56.0356,-1.2597],[-56.009,-1.2893],[-55.9553,-1.3009],[-55.9015,-1.2918],[-55.865,-1.2963],[-55.8157,-1.2779],[-55.794,-1.3062],[-55.7566,-1.3236],[-55.7104,-1.3273],[-55.6996,-1.356],[-55.7319,-1.4081],[-55.7362,-1.4391],[-55.7182,-1.4831],[-55.6942,-1.4975],[-55.6846,-1.5306],[-55.6717,-1.7853],[-55.7523,-1.837],[-55.7232,-1.8565],[-55.7303,-1.8862],[-55.757,-1.8858],[-55.8022,-1.927],[-55.82,-1.9156],[-55.8501,-1.9681],[-55.8691,-1.9676],[-55.9025,-1.9987],[-55.8205,-2.0073],[-55.7689,-2.0025],[-55.6427,-2.0789],[-55.6189,-2.1166],[-55.6216,-2.1583]]]}},{"type":"Feature","properties":{"codigo_ibge":"1505205","municipio":"Oeiras do Pará"},"geometry":{"type":"Polygon","coordinates":[[[-49.8967,-2.9888],[-49.8136,-2.9629],[-49.7993,-2.9372],[-49.7782,-2.8055],[-49.7898,-2.7526],[-49.7652,-2.7103],[-49.7393,-2.7073],[-49.7335,-2.6662],[-49.7504,-2.6474],[-49.7421,-2.5967],[-49.7449,-2.5354],[-49.7249,-2.4579],[-49.7431,-2.38],[-49.7236,-2.3009],[-49.7347,-2.2502],[-49.7786,-2.2213],[-49.8065,-2.2279],[-49.822,-2.2],[-49.8295,-2.149],[-49.7948,-2.1643],[-49.7065,-2.069],[-49.7385,-2.0322],[-49.7152,-1.9386],[-49.7373,-1.9332],[-49.7469,-1.8937],[-49.7182,-1.8356],[-49.7517,-1.8149],[-49.848,-1.8331],[-49.9916,-1.7831],[-50.0647,-1.7919],[-50.1315,-1.815],[-50.1081,-1.8604],[-50.0567,-1.9086],[-50.0717,-1.9549],[-50.0749,-2.0694],[-50.0605,-2.1027],[-50.1153,-2.1396],[-50.1023,-2.1769],[-50.1083,-2.2051],[-50.0798,-2.2427],[-50.0845,-2.2868],[-50.1053,-2.3202],[-50.1095,-2.4106],[-50.0744,-2.4635],[-50.0541,-2.5163],[-50.0009,-2.5083],[-49.9688,-2.5459],[-49.9753,-2.6215],[-49.9457,-2.6697],[-49.9422,-2.7595],[-49.9144,-2.8085],[-49.8494,-2.8577],[-49.8476,-2.931],[-49.8967,-2.9888]]]}},{"type":"Feature","properties":{"codigo_ibge":"1505304","municipio":"Oriximiná"},"geometry":{"type":"Polygon","coordinates":[[[-56.749,-1.6519],[-56.6984,-1.6314],[-56.6735,-1.6499],[-56.6394,-1.6462],[-56.6036,-1.6701],[-56.561,-1.6774],[-56.5486,-1.7093],[-56.5508,-1.7657],[-56.5142,-1.8034],[-56.4842,-1.7998],[-56.459,-1.8486],[-56.4362,-1.8377],[-56.3755,-1.8661],[-56.3447,-1.9107],[-56.2347,-1.8998],[-56.2012,-1.9461],[-56.1766,-1.9636],[-56.1503,-1.9348],[-56.122,-1.9303],[-56.0892,-1.9783],[-56.0382,-1.9387],[-55.9565,-1.9683],[-55.9025,-1.9987],[-55.8691,-1.9676],[-55.8501,-1.9681],[-55.82,-1.9156],[-55.8022,-1.927],[-55.757,-1.8858],[-55.7303,-1.8862],[-55.7232,-1.8565],[-55.7523,-1.837],[-55.6717,-1.7853],[-55.6846,-1.5306],[-55.6942,-1.4975],[-55.7182,-1.4831],[-55.7362,-1.4391],[-55.7319,-1.4081],[-55.6996,-1.356],[-55.7104,-1.3273],[-55.7566,-1.3236],[-55.794,-1.3062],[-55.8157,-1.2779],[-55.865,-1.2963],[-55.9015,-1.2918],[-55.9553,-1.3009],[-56.009,-1.2893],[-56.0356,-1.2597],[-56.0394,-1.2245],[-56.0695,-1.207],[-56.0415,-1.0722],[-56.0808,-1.028],[-56.0743,-0.9718],[-56.1056,-0.9153],[-56.1404,-0.8842],[-56.146,-0.8539],[-56.209,-0.8458],[-56.2256,-0.8566],[-56.2499,-0.774],[-56.2669,-0.7521],[-56.2447,-0.6956],[-56.2163,-0.6739],[-56.2014,-0.5966],[-56.2137,-0.5797],[-56.1993,-0.5454],[-56.1549,-0.5027],[-56.1301,-0.5174],[-56.1109,-0.4969],[-56.0952,-0.4411],[-56.0427,-0.4028],[-56.0519,-0.3497],[-56.0391,-0.3261],[-56.0548,-0.2999],[-56.0517,-0.2669],[-56.0228,-0.2198],[-56.0281,-0.0869],[-56.0453,-0.0314],[-56.0932,0.0284],[-56.0896,0.0539],[-56.1392,0.1175],[-56.1748,0.2051],[-56.1501,0.2626],[-56.1613,0.3173],[-56.1406,0.3371],[-56.1018,0.3995],[-56.0231,0.3787],[-56.0163,0.3595],[-55.9478,0.3466],[-55.8948,0.3683],[-55.9042,0.4253],[-55.9221,0.4409],[-55.9194,0.527],[-55.959,0.5357],[-55.977,0.5578],[-55.9652,0.5957],[-55.9701,0.6299],[-55.9483,0.7186],[-55.8948,0.7382],[-55.8871,0.7823],[-55.8581,0.7898],[-55.8432,0.8166],[-55.7949,0.8202],[-55.7728,0.8751],[-55.7464,0.8898],[-55.7583,0.9174],[-55.7301,0.9859],[-55.74,1.0229],[-55.7268,1.0492],[-55.7265,1.0931],[-55.6569,1.1274],[-55.6577,1.1528],[-55.6281,1.1769],[-55.6335,1.196],[-55.6002,1.2267],[-55.6102,1.262],[-55.5886,1.2969],[-55.5905,1.3313],[-55.6121,1.359],[-55.6209,1.4006],[-55.6615,1.442],[-55.732,1.4654],[-55.7481,1.516],[-55.798,1.6055],[-55.822,1.7259],[-55.8391,1.7621],[-55.8114,1.805],[-55.836,1.9583],[-55.8813,2.0373],[-55.8713,2.0741],[-55.8988,2.1076],[-55.8985,2.128],[-55.9254,2.1722],[-55.9525,2.1951],[-55.9568,2.236],[-55.944,2.2942],[-55.9466,2.3315],[-55.9243,2.3677],[-55.8681,2.3996],[-55.8336,2.4092],[-55.7856,2.3936],[-55.718,2.4021],[-55.747,2.4105],[-55.7667,2.4553],[-55.8389,2.4623],[-55.8809,2.489],[-55.9017,2.5173],[-55.9347,2.5335],[-55.9783,2.5274],[-55.9912,2.4671],[-55.9899,2.4173],[-56.0367,2.3743],[-56.0226,2.3475],[-56.0507,2.3351],[-56.0902,2.3724],[-56.0938,2.3213],[-56.1281,2.2865],[-56.1325,2.2637],[-56.043,2.2279],[-56.0563,2.1894],[-56.0351,2.1689],[-56.0031,2.1677],[-55.9698,2.1131],[-55.9268,2.0752],[-55.9021,2.0294],[-55.9138,1.9906],[-55.9352,1.9966],[-55.9206,1.9191],[-55.9039,1.8881],[-55.9543,1.8486],[-55.999,1.8314],[-56.0367,1.8503],[-56.0987,1.8466],[-56.13,1.8593],[-56.1527,1.8908],[-56.2345,1.8987],[-56.2415,1.8797],[-56.335,1.9372],[-56.4119,1.9283],[-56.4371,1.9518],[-56.4829,1.9542],[-56.4957,1.9381],[-56.5798,1.906],[-56.6215,1.946],[-56.6735,1.9128],[-56.7164,1.9261],[-56.765,1.8884],[-56.8015,1.8742],[-56.8936,1.8994],[-56.9198,1.9304],[-57.0008,1.9074],[-57.0347,1.9486],[-57.064,1.956],[-57.0868,2.0265],[-57.1584,1.9919],[-57.1792,1.9902],[-57.2292,1.9536],[-57.253,1.9485],[-57.2773,1.9831],[-57.3457,1.9803],[-57.365,1.9261],[-57.4335,1.906],[-57.432,1.8586],[-57.451,1.8064],[-57.497,1.7735],[-57.5343,1.7083],[-57.6294,1.6985],[-57.6505,1.6824],[-57.7197,1.7229],[-57.7924,1.7267],[-57.8196,1.6839],[-57.8951,1.6744],[-57.9269,1.6449],[-57.9811,1.6594],[-57.9787,1.5728],[-58.0056,1.5168],[-58.0273,1.5087],[-58.061,1.5254],[-58.1295,1.499],[-58.1497,1.5101],[-58.1607,1.5602],[-58.1895,1.5716],[-58.2333,1.5475],[-58.2624,1.5708],[-58.3172,1.5685],[-58.3325,1.5907],[-58.3896,1.5354],[-58.3857,1.47],[-58.4129,1.4727],[-58.4485,1.4561],[-58.5052,1.4649],[-58.5052,1.4032],[-58.4716,1.3742],[-58.4711,1.3194],[-58.4952,1.295],[-58.4963,1.268],[-58.5383,1.2677],[-58.5597,1.2902],[-58.5886,1.2699],[-58.6288,1.2886],[-58.6613,1.2805],[-58.7105,1.2899],[-58.7163,1.241],[-58.7513,1.2085],[-58.8213,1.171],[-58.8544,1.1835],[-58.8711,1.2177],[-58.8955,1.2277],[-58.8955,0.9047],[-58.8956,0.5922],[-58.8955,0.2635],[-58.895,-0.011],[-58.8236,-0.0334],[-58.8371,-0.0755],[-58.7951,-0.0745],[-58.7707,-0.0568],[-58.7151,-0.0661],[-58.7146,-0.1224],[-58.6673,-0.1621],[-58.6359,-0.2156],[-58.6313,-0.2421],[-58.5887,-0.2719],[-58.5328,-0.2706],[-58.4821,-0.2899],[-58.4411,-0.2946],[-58.4739,-0.3322],[-58.4482,-0.3607],[-58.4909,-0.3798],[-58.5219,-0.4333],[-58.5094,-0.4503],[-58.4405,-0.4392],[-58.4133,-0.4468],[-58.3982,-0.4749],[-58.3463,-0.4818],[-58.3272,-0.5297],[-58.3173,-0.6155],[-58.2232,-0.7387],[-58.2344,-0.7702],[-58.2029,-0.8075],[-58.1869,-0.7902],[-58.1464,-0.7927],[-58.0912,-0.8126],[-58.0717,-0.7933],[-58.0,-0.7921],[-57.9824,-0.8426],[-57.9145,-0.8598],[-57.8763,-0.8882],[-57.8546,-0.9242],[-57.822,-0.9263],[-57.7697,-0.9495],[-57.7577,-0.9887],[-57.7156,-0.9887],[-57.7161,-1.0234],[-57.6793,-1.0508],[-57.6782,-1.0815],[-57.6522,-1.0953],[-57.5912,-1.0989],[-57.5809,-1.1241],[-57.5534,-1.1263],[-57.5285,-1.1727],[-57.5208,-1.2105],[-57.4775,-1.2655],[-57.4661,-1.31],[-57.4286,-1.3476],[-57.3837,-1.333],[-57.3288,-1.3395],[-57.3,-1.3906],[-57.2372,-1.4332],[-57.2131,-1.4195],[-57.186,-1.4356],[-57.1436,-1.4232],[-57.1466,-1.4963],[-57.1267,-1.5159],[-57.0633,-1.5179],[-57.0005,-1.5499],[-56.995,-1.5809],[-56.9635,-1.5811],[-56.9181,-1.6477],[-56.8731,-1.6552],[-56.8423,-1.6481],[-56.7934,-1.5995],[-56.7486,-1.608],[-56.749,-1.6519]]]}},{"type":"Feature","properties":{"codigo_ibge":"1505403","municipio":"Ourém"},"geometry":{"type":"Polygon","coordinates":[[[-46.9797,-1.5965],[-46.9757,-1.5075],[-47.0584,-1.4561],[-47.0377,-1.4185],[-47.0694,-1.3858],[-47.1531,-1.3652],[-47.1876,-1.3939],[-47.2468,-1.4877],[-47.2862,-1.537],[-47.3245,-1.5643],[-47.3281,-1.6059],[-47.3066,-1.6113],[-47.2803,-1.5854],[-47.2408,-1.5935],[-47.19,-1.5748],[-47.1502,-1.5741],[-47.1392,-1.5569],[-47.0955,-1.5608],[-47.0704,-1.5393],[-47.0424,-1.5502],[-47.0282,-1.5767],[-46.9797,-1.5965]]]}},{"type":"Feature","properties":{"codigo_ibge":"1505437","municipio":"Ourilândia do Norte"},"geometry":{"type":"Polygon","coordinates":[[[-50.5091,-7.193],[-50.5311,-7.1422],[-50.5384,-7.0977],[-50.5628,-7.0763],[-50.6479,-7.0565],[-50.6508,-7.042],[-50.7349,-6.999],[-50.7648,-6.9949],[-50.7535,-6.9336],[-50.7538,-6.8736],[-50.8277,-6.8278],[-50.8571,-6.7656],[-50.8972,-6.7473],[-50.9013,-6.7102],[-50.9473,-6.6983],[-50.9944,-6.6665],[-51.0127,-6.6365],[-51.0098,-6.5908],[-51.0481,-6.5559],[-51.0622,-6.524],[-51.0369,-6.4751],[-51.0696,-6.4907],[-51.1468,-6.483],[-51.1835,-6.4672],[-51.146,-6.5147],[-51.1444,-6.5907],[-51.1253,-6.6238],[-51.0753,-6.6792],[-51.1034,-6.7363],[-51.1026,-6.8783],[-51.1701,-6.9155],[-51.2067,-6.9617],[-51.2655,-6.9721],[-51.3024,-7.0021],[-51.3335,-7.0441],[-51.3879,-7.0479],[-51.4471,-7.0073],[-51.5408,-7.0028],[-51.612,-7.01],[-51.6691,-6.9968],[-51.6839,-7.0226],[-51.6573,-7.0865],[-51.6644,-7.1119],[-51.6543,-7.152],[-51.6613,-7.1907],[-51.7495,-7.2738],[-51.7538,-7.3084],[-51.7763,-7.324],[-51.7654,-7.3704],[-51.8671,-7.5303],[-51.8833,-7.5894],[-51.8825,-7.7021],[-51.9342,-7.7231],[-51.9623,-7.7709],[-51.9986,-7.7424],[-52.0382,-7.7291],[-52.1035,-7.767],[-52.1456,-7.8136],[-52.1307,-7.8668],[-52.1665,-7.883],[-52.173,-7.9105],[-52.1659,-7.9741],[-52.1421,-7.9936],[-52.1637,-8.0335],[-52.145,-8.0603],[-52.1188,-8.1798],[-52.0724,-8.2151],[-52.0833,-8.2777],[-52.0779,-8.3136],[-52.0327,-8.3373],[-52.0251,-8.4066],[-51.9971,-8.4243],[-51.955,-8.4208],[-51.9379,-8.4408],[-51.8558,-8.4263],[-51.7817,-8.3797],[-51.7961,-8.3514],[-51.8878,-8.3095],[-51.9108,-8.2489],[-51.8812,-8.2184],[-51.8661,-8.2444],[-51.7756,-8.2739],[-51.7537,-8.2302],[-51.7187,-8.2269],[-51.6582,-8.2468],[-51.598,-8.1916],[-51.5466,-8.2069],[-51.491,-8.1529],[-51.4657,-8.106],[-51.4355,-8.0767],[-51.4422,-8.0283],[-51.3425,-8.0005],[-51.3081,-7.9773],[-51.2516,-7.9563],[-51.2315,-7.9053],[-51.1774,-7.8756],[-51.1362,-7.7691],[-51.1847,-7.7316],[-51.2134,-7.677],[-51.216,-7.6293],[-51.2396,-7.6111],[-51.2328,-7.5854],[-51.1935,-7.5664],[-51.2005,-7.4721],[-51.2121,-7.4275],[-51.2302,-7.4039],[-51.2042,-7.3272],[-51.141,-7.3606],[-51.1156,-7.3402],[-51.0633,-7.321],[-51.0254,-7.3596],[-50.972,-7.3735],[-50.9535,-7.3746],[-50.9223,-7.3319],[-50.8953,-7.3382],[-50.8201,-7.3161],[-50.7645,-7.3504],[-50.7246,-7.3435],[-50.6992,-7.3226],[-50.6611,-7.3121],[-50.6108,-7.2302],[-50.5762,-7.2368],[-50.5091,-7.193]]]}},{"type":"Feature","properties":{"codigo_ibge":"1505486","municipio":"Pacajá"},"geometry":{"type":"Polygon","coordinates":[[[-50.1085,-4.078],[-50.1073,-4.0315],[-50.1308,-4.0274],[-50.1211,-3.9848],[-50.071,-3.9606],[-50.0558,-3.922],[-50.0178,-3.905],[-50.0127,-3.8594],[-49.9827,-3.848],[-49.958,-3.7877],[-49.998,-3.7138],[-49.9683,-3.6836],[-49.9655,-3.661],[-49.9365,-3.6507],[-49.9298,-3.6204],[-49.8985,-3.5906],[-49.8473,-3.5756],[-49.8059,-3.5331],[-49.8082,-3.481],[-49.8394,-3.4364],[-49.8345,-3.4041],[-49.903,-3.3677],[-49.9086,-3.3257],[-49.9734,-3.3199],[-50.0064,-3.3316],[-50.0697,-3.3008],[-50.1132,-3.2696],[-50.1567,-3.3005],[-50.1928,-3.2732],[-50.2096,-3.2375],[-50.2484,-3.2434],[-50.2553,-3.2743],[-50.3214,-3.3218],[-50.3292,-3.3511],[-50.3629,-3.3844],[-50.423,-3.4131],[-50.4366,-3.3954],[-50.4757,-3.3988],[-50.4956,-3.429],[-50.4859,-3.4583],[-50.809,-3.495],[-50.8121,-3.425],[-50.8409,-3.3683],[-50.8388,-3.3175],[-50.8502,-3.2942],[-50.9362,-3.2312],[-50.9658,-3.1895],[-50.9752,-3.1224],[-51.0105,-3.1289],[-51.0302,-3.1057],[-51.0826,-3.1065],[-51.1143,-3.1365],[-51.1467,-3.116],[-51.1745,-3.1584],[-51.2094,-3.156],[-51.2395,-3.2017],[-51.2665,-3.309],[-51.2235,-3.4138],[-51.196,-3.4485],[-51.1674,-3.4487],[-51.1668,-3.6671],[-51.2013,-3.6669],[-51.2149,-3.7316],[-51.2568,-3.8721],[-51.294,-3.9056],[-51.2832,-3.9541],[-51.2483,-3.9849],[-51.2488,-4.0305],[-51.2283,-4.0306],[-51.2068,-4.0719],[-51.1161,-4.0818],[-51.07,-4.1997],[-51.0493,-4.2303],[-51.0188,-4.211],[-50.9858,-4.2393],[-50.9937,-4.2713],[-50.9385,-4.2703],[-50.8825,-4.289],[-50.8184,-4.2949],[-50.7616,-4.2501],[-50.7157,-4.2421],[-50.6733,-4.2087],[-50.7939,-4.0004],[-50.8814,-3.8536],[-50.5004,-3.9637],[-50.1085,-4.078]]]}},{"type":"Feature","properties":{"codigo_ibge":"1505494","municipio":"Palestina do Pará"},"geometry":{"type":"Polygon","coordinates":[[[-48.1723,-5.7086],[-48.2389,-5.6731],[-48.3614,-5.6995],[-48.4819,-5.9244],[-48.505,-5.9421],[-48.5335,-6.0134],[-48.5306,-6.0345],[-48.4831,-6.0939],[-48.4398,-6.1177],[-48.3972,-6.1287],[-48.3913,-6.1467],[-48.3245,-6.1327],[-48.288,-6.0976],[-48.2985,-6.0501],[-48.3297,-6.0398],[-48.3347,-6.0043],[-48.2968,-5.9699],[-48.2329,-5.9476],[-48.2301,-5.9225],[-48.292,-5.8368],[-48.2998,-5.796],[-48.2902,-5.7435],[-48.2757,-5.7265],[-48.2306,-5.7293],[-48.1723,-5.7086]]]}},{"type":"Feature","properties":{"codigo_ibge":"1505502","municipio":"Paragominas"},"geometry":{"type":"Polygon","coordinates":[[[-46.4358,-2.4709],[-46.4797,-2.4816],[-46.4847,-2.5013],[-46.5711,-2.4961],[-46.629,-2.4728],[-46.7311,-2.4166],[-46.7746,-2.4105],[-46.8392,-2.4236],[-46.9093,-2.4223],[-46.9754,-2.4752],[-47.0272,-2.4971],[-47.051,-2.5543],[-47.0573,-2.6188],[-47.392,-2.8897],[-47.4113,-2.8964],[-47.4649,-2.8756],[-47.4987,-2.8744],[-47.6286,-2.7992],[-47.664,-2.7449],[-47.6851,-2.7337],[-47.6754,-2.6726],[-47.7136,-2.5664],[-47.7375,-2.5254],[-47.7647,-2.5226],[-47.78,-2.5824],[-47.8306,-2.5903],[-47.8281,-2.6222],[-47.8714,-2.6118],[-47.8647,-2.6458],[-47.8995,-2.6701],[-47.8863,-2.706],[-47.9072,-2.7376],[-47.8546,-2.7722],[-47.8413,-2.8586],[-47.8003,-2.8437],[-47.7861,-2.9125],[-47.8163,-2.9369],[-47.7988,-2.9789],[-47.8533,-3.0097],[-47.8731,-2.9984],[-47.92,-3.0358],[-47.9156,-3.0663],[-47.9535,-3.0853],[-47.9851,-3.0695],[-48.0013,-3.1127],[-48.0557,-3.1053],[-48.069,-3.1417],[-48.0992,-3.1538],[-48.0901,-3.1804],[-48.1122,-3.2089],[-48.1376,-3.1891],[-48.1579,-3.2239],[-48.223,-3.2228],[-48.2592,-3.2093],[-48.289,-3.2223],[-48.3047,-3.2505],[-48.3528,-3.2303],[-48.4087,-3.2799],[-48.4207,-3.2609],[-48.4742,-3.2758],[-48.5028,-3.2597],[-48.5402,-3.2776],[-48.5588,-3.3029],[-48.6256,-3.3078],[-48.6533,-3.3548],[-48.6966,-3.3596],[-48.7194,-3.3849],[-48.7609,-3.3952],[-48.8179,-3.4687],[-48.8368,-3.4686],[-48.8405,-3.521],[-48.8613,-3.57],[-48.8839,-3.568],[-48.8702,-3.5843],[-48.8902,-3.6366],[-48.871,-3.6614],[-48.8197,-3.6877],[-48.8161,-3.7127],[-48.7276,-3.7263],[-48.6856,-3.7592],[-48.6719,-3.7492],[-48.5761,-3.8112],[-48.5165,-3.8082],[-48.4957,-3.8241],[-48.4512,-3.8059],[-48.3887,-3.8373],[-48.341,-3.832],[-48.2899,-3.8139],[-48.2688,-3.7951],[-48.2112,-3.7951],[-48.1599,-3.8045],[-48.1048,-3.7888],[-48.0324,-3.8222],[-47.9587,-3.7343],[-47.8824,-3.7318],[-47.8608,-3.7022],[-47.8252,-3.6833],[-47.7368,-3.6992],[-47.6806,-3.6357],[-47.6599,-3.5839],[-47.5944,-3.5733],[-47.4936,-3.5444],[-47.4415,-3.5221],[-47.3526,-3.4729],[-47.3376,-3.4503],[-47.2992,-3.4566],[-47.2079,-3.4489],[-47.1932,-3.5125],[-47.2236,-3.5224],[-47.1469,-3.6195],[-47.0939,-3.6219],[-47.0383,-3.5643],[-46.9698,-3.5125],[-46.9824,-3.4962],[-46.9421,-3.4487],[-46.9563,-3.4259],[-46.9272,-3.3761],[-46.8836,-3.3374],[-46.8586,-3.343],[-46.8149,-3.3115],[-46.8021,-3.266],[-46.779,-3.2411],[-46.7695,-3.1986],[-46.7226,-3.1591],[-46.7496,-3.1245],[-46.6886,-3.093],[-46.6732,-3.0673],[-46.6685,-2.9928],[-46.6474,-2.9698],[-46.6734,-2.8931],[-46.6394,-2.8836],[-46.6413,-2.8543],[-46.5896,-2.8458],[-46.5992,-2.7959],[-46.6696,-2.7346],[-46.6714,-2.7062],[-46.6186,-2.6654],[-46.6223,-2.6449],[-46.5673,-2.6268],[-46.5068,-2.6169],[-46.5094,-2.5906],[-46.4736,-2.5466],[-46.4299,-2.5368],[-46.4358,-2.4709]]]}},{"type":"Feature","properties":{"codigo_ibge":"1505536","municipio":"Parauapebas"},"geometry":{"type":"Polygon","coordinates":[[[-49.8259,-5.8557],[-49.8675,-5.8683],[-49.9326,-5.8596],[-49.9811,-5.9201],[-50.0118,-5.9068],[-50.0175,-5.9454],[-50.059,-5.9416],[-50.0709,-5.8922],[-50.1054,-5.9244],[-50.1456,-5.9063],[-50.169,-5.9099],[-50.1954,-5.8828],[-50.2469,-5.9172],[-50.2989,-5.9026],[-50.3438,-5.8643],[-50.39,-5.8772],[-50.4162,-5.8556],[-50.455,-5.8562],[-50.4726,-5.8747],[-50.5313,-5.8813],[-50.5757,-5.9186],[-50.6502,-5.9089],[-50.6818,-5.919],[-50.7155,-5.9073],[-50.7229,-5.9547],[-50.7504,-5.9778],[-50.7841,-5.9869],[-50.8016,-5.9719],[-50.8544,-5.9829],[-50.913,-5.9853],[-50.9367,-5.9706],[-50.9777,-5.989],[-51.0716,-6.1216],[-51.092,-6.1255],[-51.1271,-6.1997],[-51.1488,-6.2167],[-51.1605,-6.2662],[-51.199,-6.2868],[-51.1523,-6.3502],[-51.1422,-6.4229],[-51.1577,-6.4538],[-51.1835,-6.4672],[-51.1468,-6.483],[-51.0696,-6.4907],[-51.0369,-6.4751],[-51.0259,-6.4572],[-50.9636,-6.4314],[-50.9362,-6.405],[-50.9471,-6.3726],[-50.9391,-6.3292],[-50.8932,-6.3004],[-50.8498,-6.2918],[-50.8166,-6.272],[-50.8003,-6.3068],[-50.8221,-6.3214],[-50.8266,-6.3759],[-50.7913,-6.4352],[-50.7637,-6.46],[-50.7579,-6.4976],[-50.7241,-6.4939],[-50.716,-6.5419],[-50.6027,-6.536],[-50.59,-6.522],[-50.5425,-6.5316],[-50.5224,-6.5084],[-50.4825,-6.5138],[-50.4936,-6.4817],[-50.479,-6.4482],[-50.5055,-6.421],[-50.4923,-6.3496],[-50.522,-6.3395],[-50.5424,-6.266],[-50.5679,-6.2495],[-50.3237,-6.2498],[-49.8232,-6.2486],[-49.8286,-6.2181],[-49.7884,-6.2203],[-49.7358,-6.2076],[-49.7361,-6.1809],[-49.7819,-6.1141],[-49.7729,-6.0414],[-49.7913,-6.0217],[-49.7913,-5.983],[-49.8053,-5.9037],[-49.8016,-5.8671],[-49.8259,-5.8557]]]}},{"type":"Feature","properties":{"codigo_ibge":"1505551","municipio":"Pau D'Arco"},"geometry":{"type":"Polygon","coordinates":[[[-50.4501,-7.7149],[-50.39,-7.7624],[-50.3426,-7.779],[-50.2938,-7.8659],[-50.2362,-7.8807],[-50.2201,-7.8655],[-50.1493,-7.8371],[-50.1146,-7.8127],[-50.0338,-7.8424],[-49.9989,-7.8625],[-49.979,-7.8937],[-49.9339,-7.9207],[-49.9271,-7.941],[-49.8813,-7.9491],[-49.8564,-7.9727],[-49.8281,-7.7001],[-49.8461,-7.6756],[-49.9003,-7.6545],[-49.9542,-7.6601],[-49.9731,-7.6424],[-50.0286,-7.6558],[-50.04,-7.6466],[-50.0896,-7.6837],[-50.1549,-7.6532],[-50.1551,-7.6142],[-50.2105,-7.5796],[-50.2321,-7.5515],[-50.3063,-7.5164],[-50.3477,-7.4843],[-50.3666,-7.5323],[-50.3683,-7.5755],[-50.3414,-7.6009],[-50.3459,-7.6587],[-50.3933,-7.6512],[-50.3943,-7.675],[-50.4501,-7.7149]]]}},{"type":"Feature","properties":{"codigo_ibge":"1505601","municipio":"Peixe-Boi"},"geometry":{"type":"Polygon","coordinates":[[[-47.2944,-0.969],[-47.2856,-0.987],[-47.3206,-1.0306],[-47.3188,-1.064],[-47.3452,-1.1073],[-47.343,-1.2871],[-47.2961,-1.2796],[-47.2055,-1.2249],[-47.1955,-1.1797],[-47.2117,-1.0009],[-47.2247,-0.9638],[-47.2944,-0.969]]]}},{"type":"Feature","properties":{"codigo_ibge":"1505635","municipio":"Piçarra"},"geometry":{"type":"Polygon","coordinates":[[[-48.6663,-6.6642],[-48.652,-6.64],[-48.6645,-6.5677],[-48.6337,-6.4914],[-48.6261,-6.4785],[-48.7499,-6.3785],[-48.7961,-6.3791],[-48.8562,-6.3506],[-48.8844,-6.3111],[-48.96,-6.3125],[-48.964,-6.3422],[-48.9408,-6.4062],[-48.9457,-6.4288],[-49.0003,-6.3854],[-49.0509,-6.3768],[-49.0552,-6.3496],[-49.1065,-6.3178],[-49.1619,-6.2668],[-49.1991,-6.2642],[-49.2025,-6.2635],[-49.4113,-6.4453],[-49.1247,-6.8219],[-49.0834,-6.8433],[-49.0376,-6.8093],[-49.0189,-6.7842],[-48.9637,-6.7795],[-48.9139,-6.7574],[-48.8532,-6.7491],[-48.8259,-6.7547],[-48.7691,-6.7307],[-48.7291,-6.6893],[-48.6663,-6.6642]]]}},{"type":"Feature","properties":{"codigo_ibge":"1505650","municipio":"Placas"},"geometry":{"type":"Polygon","coordinates":[[[-54.1001,-4.2319],[-54.1108,-4.2122],[-54.0829,-4.1827],[-54.0938,-4.1585],[-54.0858,-4.0993],[-54.0545,-4.0725],[-54.1374,-4.0321],[-54.1351,-3.9881],[-54.1102,-3.974],[-54.1177,-3.8742],[-54.1101,-3.8256],[-54.1477,-3.8371],[-54.1693,-3.8242],[-54.1526,-3.7775],[-54.2544,-3.6929],[-54.2536,-3.6617],[-54.224,-3.6433],[-54.247,-3.5922],[-54.2693,-3.5678],[-54.258,-3.449],[-54.286,-3.4024],[-54.3413,-3.3782],[-54.3893,-3.3706],[-54.4553,-3.3906],[-54.4978,-3.3946],[-54.5434,-3.3599],[-54.6051,-3.4131],[-54.6468,-3.4195],[-54.7124,-3.4878],[-54.701,-3.5233],[-54.8017,-3.5272],[-54.8337,-3.5561],[-54.895,-3.5632],[-54.9168,-3.6004],[-54.9053,-3.654],[-54.9238,-3.7011],[-54.9529,-3.7265],[-54.9439,-3.8091],[-54.9029,-3.757],[-54.9019,-3.7243],[-54.8538,-3.7301],[-54.8223,-3.7741],[-54.7552,-3.7824],[-54.7349,-3.7707],[-54.6998,-3.7906],[-54.717,-3.8449],[-54.7556,-3.8509],[-54.7468,-3.8867],[-54.7849,-3.9389],[-54.7542,-3.939],[-54.7612,-3.9892],[-54.7408,-4.0375],[-54.7733,-4.0463],[-54.7877,-4.1317],[-54.8129,-4.1372],[-54.8184,-4.1781],[-54.7954,-4.2261],[-54.8265,-4.2344],[-54.8477,-4.2588],[-54.858,-4.3123],[-54.8757,-4.3405],[-54.838,-4.3901],[-54.8419,-4.4102],[-54.8131,-4.4284],[-54.7968,-4.4637],[-54.7356,-4.4245],[-54.7238,-4.3841],[-54.6747,-4.316],[-54.643,-4.3267],[-54.5819,-4.3933],[-54.5031,-4.3585],[-54.5343,-4.3333],[-54.5164,-4.2802],[-54.4897,-4.2514],[-54.451,-4.2433],[-54.4133,-4.2911],[-54.3912,-4.2952],[-54.3666,-4.2646],[-54.3048,-4.2805],[-54.3017,-4.3123],[-54.2258,-4.3044],[-54.2001,-4.2028],[-54.1709,-4.1907],[-54.1001,-4.2319]]]}},{"type":"Feature","properties":{"codigo_ibge":"1505700","municipio":"Ponta de Pedras"},"geometry":{"type":"Polygon","coordinates":[[[-48.8374,-1.5214],[-48.7759,-1.4741],[-48.7023,-1.3224],[-48.6244,-1.1922],[-48.6075,-1.1721],[-48.6735,-1.1746],[-48.745,-1.1878],[-48.8015,-1.2131],[-48.8651,-1.2005],[-48.8928,-1.1581],[-48.9182,-1.14],[-48.9141,-1.0893],[-48.9281,-1.0401],[-48.9666,-1.0338],[-48.9618,-0.9802],[-48.9956,-0.9779],[-49.0297,-0.9587],[-49.0495,-0.9012],[-49.0847,-0.89],[-49.1428,-0.8407],[-49.1499,-0.819],[-49.1905,-0.8198],[-49.1919,-0.7404],[-49.2138,-0.7328],[-49.2495,-0.7676],[-49.2759,-0.7571],[-49.299,-0.7719],[-49.3206,-0.7255],[-49.3625,-0.7383],[-49.4863,-0.6687],[-49.4825,-0.7129],[-49.5005,-0.7493],[-49.544,-0.876],[-49.5243,-0.9708],[-49.4792,-0.9895],[-49.4451,-0.956],[-49.4365,-0.9135],[-49.4015,-0.9275],[-49.3289,-0.9376],[-49.3267,-0.9717],[-49.2201,-1.0004],[-49.2,-1.0489],[-49.1769,-1.0629],[-49.2128,-1.1073],[-49.194,-1.1564],[-49.1658,-1.1563],[-49.1295,-1.2008],[-49.0889,-1.2805],[-49.1051,-1.3178],[-49.1098,-1.3771],[-49.1024,-1.4039],[-48.9905,-1.4842],[-48.9695,-1.4897],[-48.9476,-1.551],[-48.8374,-1.5214]]]}},{"type":"Feature","properties":{"codigo_ibge":"1505809","municipio":"Portel"},"geometry":{"type":"Polygon","coordinates":[[[-50.4545,-1.9319],[-50.5265,-1.9234],[-50.5806,-1.8612],[-50.6219,-1.7973],[-50.6755,-1.7957],[-50.7356,-1.866],[-50.7396,-1.8895],[-50.7983,-1.913],[-50.8447,-1.8929],[-50.8755,-1.8683],[-50.9116,-1.8867],[-50.9412,-1.8591],[-50.983,-1.841],[-51.0305,-1.8459],[-51.0531,-1.8232],[-51.114,-1.825],[-51.2186,-1.7993],[-51.2719,-1.7567],[-51.3011,-1.7476],[-51.3457,-1.7767],[-51.4326,-1.7971],[-51.4799,-1.8358],[-51.5155,-1.8422],[-51.5544,-1.867],[-51.5993,-1.8804],[-51.673,-1.8581],[-51.7316,-1.8912],[-51.7554,-1.9381],[-51.8256,-1.9634],[-51.8746,-1.9446],[-51.9058,-2.0034],[-51.9163,-2.0742],[-51.9396,-2.1077],[-51.9396,-2.2571],[-51.9226,-2.2782],[-51.9205,-2.3315],[-51.8665,-2.3643],[-51.8789,-2.4187],[-51.8738,-2.461],[-51.8484,-2.5084],[-51.8545,-2.5525],[-51.8558,-2.5945],[-51.8201,-2.6976],[-51.7979,-2.7278],[-51.7483,-2.8455],[-51.7199,-2.7963],[-51.6445,-2.7696],[-51.572,-2.7655],[-51.533,-2.7442],[-51.504,-2.7464],[-51.4494,-2.7696],[-51.4405,-2.8078],[-51.4153,-2.8414],[-51.398,-2.8891],[-51.3085,-2.9308],[-51.2754,-2.9593],[-51.2103,-2.9995],[-51.1612,-3.0187],[-51.1701,-3.0656],[-51.1467,-3.116],[-51.1143,-3.1365],[-51.0826,-3.1065],[-51.0302,-3.1057],[-51.0105,-3.1289],[-50.9752,-3.1224],[-50.9658,-3.1895],[-50.9362,-3.2312],[-50.8502,-3.2942],[-50.8388,-3.3175],[-50.8409,-3.3683],[-50.8121,-3.425],[-50.809,-3.495],[-50.4859,-3.4583],[-50.4956,-3.429],[-50.4757,-3.3988],[-50.4366,-3.3954],[-50.423,-3.4131],[-50.3629,-3.3844],[-50.3292,-3.3511],[-50.3214,-3.3218],[-50.2553,-3.2743],[-50.2484,-3.2434],[-50.2096,-3.2375],[-50.1928,-3.2732],[-50.1567,-3.3005],[-50.1132,-3.2696],[-50.0697,-3.3008],[-50.0064,-3.3316],[-49.9734,-3.3199],[-49.9086,-3.3257],[-49.9354,-3.2571],[-49.9307,-3.2282],[-49.9732,-3.1914],[-49.9709,-3.1625],[-50.0068,-3.1273],[-50.0211,-3.0744],[-50.0859,-3.0323],[-50.1109,-2.994],[-50.0857,-2.9613],[-50.1157,-2.9478],[-50.0938,-2.8853],[-50.1187,-2.8722],[-50.1417,-2.824],[-50.1483,-2.6811],[-50.1324,-2.6456],[-50.2057,-2.5268],[-50.276,-2.5056],[-50.3117,-2.4567],[-50.3498,-2.3843],[-50.3667,-2.3314],[-50.3909,-2.3069],[-50.4131,-2.2579],[-50.4477,-2.2199],[-50.5059,-2.1929],[-50.5195,-2.1255],[-50.5417,-2.0646],[-50.5717,-2.0119],[-50.5583,-1.9858],[-50.519,-1.9614],[-50.4841,-1.9601],[-50.4545,-1.9319]]]}},{"type":"Feature","properties":{"codigo_ibge":"1505908","municipio":"Porto de Moz"},"geometry":{"type":"Polygon","coordinates":[[[-53.0014,-2.6718],[-52.9044,-2.7151],[-52.8295,-2.7621],[-52.8025,-2.7635],[-52.763,-2.7438],[-52.684,-2.7229],[-52.6232,-2.7164],[-52.557,-2.725],[-52.5013,-2.7737],[-52.3902,-2.77],[-52.3314,-2.7829],[-52.2902,-2.8085],[-52.2765,-2.8302],[-52.2341,-2.81],[-52.1577,-2.8106],[-52.1077,-2.7951],[-52.0439,-2.7925],[-52.065,-2.7378],[-52.0549,-2.6862],[-52.0024,-2.6306],[-51.9888,-2.5757],[-51.9574,-2.5221],[-51.9197,-2.4932],[-51.8722,-2.5493],[-51.8545,-2.5525],[-51.8484,-2.5084],[-51.8738,-2.461],[-51.8789,-2.4187],[-51.8665,-2.3643],[-51.9205,-2.3315],[-51.9226,-2.2782],[-51.9396,-2.2571],[-51.9396,-2.1077],[-51.9163,-2.0742],[-51.9058,-2.0034],[-51.8746,-1.9446],[-51.9662,-1.876],[-51.9635,-1.8256],[-51.9772,-1.8061],[-51.99,-1.743],[-51.9861,-1.701],[-51.952,-1.6466],[-51.97,-1.6103],[-52.0252,-1.5966],[-52.0925,-1.6069],[-52.1998,-1.6042],[-52.2419,-1.5431],[-52.2519,-1.5041],[-52.2895,-1.5243],[-52.4155,-1.5632],[-52.6416,-1.5787],[-52.6827,-1.5843],[-52.8109,-1.6311],[-52.9392,-1.6563],[-52.9998,-1.7434],[-52.9988,-1.7715],[-53.0292,-1.7833],[-53.0605,-1.8815],[-53.1166,-1.9182],[-53.1382,-1.9505],[-53.1728,-1.9779],[-53.2181,-1.9949],[-53.2634,-1.9756],[-53.3012,-1.9875],[-53.3596,-2.0254],[-53.3454,-2.0532],[-53.305,-2.0816],[-53.2767,-2.0879],[-53.2722,-2.1447],[-53.2531,-2.1668],[-53.2257,-2.3653],[-53.271,-2.4049],[-53.2938,-2.4496],[-53.3255,-2.4537],[-53.3843,-2.505],[-52.9668,-2.657],[-53.0015,-2.6716],[-53.0014,-2.6718]]]}},{"type":"Feature","properties":{"codigo_ibge":"1506005","municipio":"Prainha"},"geometry":{"type":"Polygon","coordinates":[[[-53.0015,-2.6716],[-52.9668,-2.657],[-53.3843,-2.505],[-53.3255,-2.4537],[-53.2938,-2.4496],[-53.271,-2.4049],[-53.2257,-2.3653],[-53.2531,-2.1668],[-53.2722,-2.1447],[-53.2767,-2.0879],[-53.305,-2.0816],[-53.3454,-2.0532],[-53.3596,-2.0254],[-53.3012,-1.9875],[-53.2634,-1.9756],[-53.2181,-1.9949],[-53.1728,-1.9779],[-53.1382,-1.9505],[-53.1166,-1.9182],[-53.0605,-1.8815],[-53.0292,-1.7833],[-52.9988,-1.7715],[-52.9998,-1.7434],[-53.0473,-1.7688],[-53.118,-1.7811],[-53.2162,-1.7586],[-53.3109,-1.7688],[-53.3536,-1.7489],[-53.3612,-1.688],[-53.3831,-1.6258],[-53.4641,-1.4545],[-53.4845,-1.4324],[-53.4952,-1.3418],[-53.5503,-1.2615],[-53.5644,-1.2229],[-53.6329,-1.1881],[-53.6283,-1.1534],[-53.6754,-1.0915],[-53.6841,-1.0165],[-53.7059,-0.9809],[-53.7272,-0.9795],[-53.7962,-0.9501],[-53.8172,-0.9511],[-53.9149,-0.9968],[-53.9594,-0.9945],[-53.9441,-1.0365],[-53.9024,-1.0483],[-53.9034,-1.0929],[-53.8791,-1.2049],[-53.8547,-1.244],[-53.8798,-1.285],[-53.8761,-1.3054],[-53.8301,-1.3406],[-53.8167,-1.3791],[-53.8243,-1.4293],[-53.8851,-1.5075],[-53.8849,-1.5554],[-53.864,-1.6114],[-53.9272,-1.6653],[-53.9039,-1.6869],[-53.8221,-1.6997],[-53.791,-1.7243],[-53.9184,-1.9095],[-53.8341,-1.8849],[-53.7936,-1.8841],[-53.8003,-1.9341],[-53.92,-2.0007],[-53.9583,-2.0271],[-54.0244,-2.0902],[-54.0361,-2.1126],[-54.0354,-2.1772],[-54.0492,-2.2335],[-54.0933,-2.3074],[-54.1484,-2.3602],[-54.2659,-2.4154],[-54.2263,-2.4818],[-54.2546,-2.5785],[-54.2118,-2.6168],[-54.1484,-2.7016],[-54.1589,-2.7229],[-54.1116,-2.7546],[-54.1122,-2.8865],[-54.103,-2.8865],[-53.8554,-2.8875],[-53.6084,-2.8652],[-53.5943,-2.8131],[-53.5649,-2.7918],[-53.4872,-2.7649],[-53.4544,-2.7765],[-53.4085,-2.7499],[-53.358,-2.7373],[-53.3097,-2.7433],[-53.2529,-2.7743],[-53.2079,-2.7207],[-53.1701,-2.6952],[-53.1464,-2.6653],[-53.1069,-2.686],[-53.0288,-2.682],[-53.0015,-2.6716]]]}},{"type":"Feature","properties":{"codigo_ibge":"1506104","municipio":"Primavera"},"geometry":{"type":"Polygon","coordinates":[[[-47.2117,-1.0009],[-47.1452,-0.9873],[-47.0957,-1.0401],[-47.0451,-1.0344],[-47.0125,-1.0133],[-47.0325,-0.9908],[-47.0727,-0.9801],[-47.081,-0.9514],[-47.0736,-0.9017],[-47.0839,-0.832],[-47.1338,-0.8999],[-47.1885,-0.8953],[-47.2428,-0.9188],[-47.2247,-0.9638],[-47.2117,-1.0009]]]}},{"type":"Feature","properties":{"codigo_ibge":"1506112","municipio":"Quatipuru"},"geometry":{"type":"Polygon","coordinates":[[[-47.0839,-0.832],[-47.0736,-0.9017],[-47.081,-0.9514],[-47.0727,-0.9801],[-47.0325,-0.9908],[-47.0125,-1.0133],[-47.002,-1.0116],[-46.9945,-0.9479],[-47.0056,-0.9191],[-46.9735,-0.8725],[-46.9426,-0.8593],[-46.9422,-0.8075],[-46.9703,-0.7675],[-46.9462,-0.731],[-46.975,-0.7041],[-47.0085,-0.7689],[-47.0279,-0.7637],[-47.0637,-0.7946],[-47.0839,-0.832]]]}},{"type":"Feature","properties":{"codigo_ibge":"1506138","municipio":"Redenção"},"geometry":{"type":"Polygon","coordinates":[[[-50.5996,-8.1913],[-50.5986,-8.2098],[-50.5264,-8.1784],[-50.4815,-8.179],[-50.4619,-8.2037],[-50.4243,-8.2159],[-50.4037,-8.2005],[-50.3456,-8.1861],[-50.2732,-8.2448],[-50.2329,-8.2911],[-50.2144,-8.3453],[-50.1875,-8.3603],[-50.163,-8.3464],[-50.0884,-8.3705],[-50.0701,-8.3604],[-50.0381,-8.3884],[-49.9961,-8.3961],[-49.9485,-8.3769],[-49.9201,-8.3944],[-49.8814,-8.3856],[-49.8671,-8.3576],[-49.8268,-8.3318],[-49.8461,-8.3086],[-49.8731,-8.2455],[-49.8657,-8.1791],[-49.8736,-8.1451],[-49.8997,-8.1306],[-49.9141,-8.0966],[-49.9053,-8.0558],[-49.8269,-7.968],[-49.8564,-7.9727],[-49.8813,-7.9491],[-49.9271,-7.941],[-49.9339,-7.9207],[-49.979,-7.8937],[-49.9989,-7.8625],[-50.0338,-7.8424],[-50.1146,-7.8127],[-50.1493,-7.8371],[-50.2201,-7.8655],[-50.2362,-7.8807],[-50.2938,-7.8659],[-50.3426,-7.779],[-50.39,-7.7624],[-50.4501,-7.7149],[-50.5116,-7.7659],[-50.5432,-7.8001],[-50.5725,-7.8685],[-50.5511,-7.8984],[-50.5383,-7.9558],[-50.5173,-7.9543],[-50.5056,-8.023],[-50.523,-8.0543],[-50.5256,-8.0981],[-50.5596,-8.1033],[-50.5523,-8.1445],[-50.5996,-8.1913]]]}},{"type":"Feature","properties":{"codigo_ibge":"1506161","municipio":"Rio Maria"},"geometry":{"type":"Polygon","coordinates":[[[-49.8281,-7.7001],[-49.828,-7.3716],[-49.8009,-7.3355],[-49.7746,-7.3487],[-49.7417,-7.3384],[-49.6886,-7.3392],[-49.6646,-7.3234],[-49.6157,-7.3221],[-49.6015,-7.304],[-49.5474,-7.2949],[-49.5195,-7.3101],[-49.4846,-7.2863],[-49.4226,-7.2749],[-49.4061,-7.2327],[-49.3054,-7.1904],[-49.2632,-7.1784],[-49.2501,-7.1918],[-49.2126,-7.1748],[-49.1938,-7.1298],[-49.1935,-7.0407],[-49.5877,-7.1125],[-49.988,-7.1846],[-50.3764,-7.2528],[-50.3787,-7.288],[-50.4041,-7.3188],[-50.3853,-7.3444],[-50.3909,-7.4308],[-50.3588,-7.4524],[-50.3477,-7.4843],[-50.3063,-7.5164],[-50.2321,-7.5515],[-50.2105,-7.5796],[-50.1551,-7.6142],[-50.1549,-7.6532],[-50.0896,-7.6837],[-50.04,-7.6466],[-50.0286,-7.6558],[-49.9731,-7.6424],[-49.9542,-7.6601],[-49.9003,-7.6545],[-49.8461,-7.6756],[-49.8281,-7.7001]]]}},{"type":"Feature","properties":{"codigo_ibge":"1506187","municipio":"Rondon do Pará"},"geometry":{"type":"Polygon","coordinates":[[[-47.8162,-4.6147],[-48.1609,-4.201],[-48.2128,-4.2222],[-48.2695,-4.2153],[-48.3063,-4.1557],[-48.3718,-4.0836],[-48.3879,-4.0174],[-48.4393,-4.0771],[-48.4677,-4.0712],[-48.5143,-4.0823],[-48.5748,-4.1215],[-48.6798,-4.1235],[-48.7103,-4.1055],[-48.7458,-4.1456],[-48.7633,-4.2324],[-48.7732,-4.2511],[-48.8137,-4.2696],[-48.8457,-4.3076],[-48.8713,-4.3081],[-48.9196,-4.3379],[-48.9927,-4.3686],[-49.017,-4.3683],[-49.0004,-4.4093],[-49.0005,-4.833],[-49.0004,-4.8331],[-48.9533,-4.9202],[-48.9316,-4.9462],[-48.9124,-4.9017],[-48.898,-4.8361],[-48.8726,-4.8237],[-48.8609,-4.7491],[-48.8267,-4.7162],[-48.7915,-4.7076],[-48.7717,-4.734],[-48.6929,-4.7813],[-48.675,-4.7702],[-48.65,-4.8058],[-48.6129,-4.8138],[-48.5492,-4.8289],[-48.5065,-4.8237],[-48.4934,-4.8591],[-48.455,-4.8932],[-48.4264,-4.8625],[-48.3777,-4.8811],[-48.3388,-4.8848],[-48.2703,-4.9235],[-48.1946,-4.911],[-48.0584,-4.8042],[-48.0254,-4.7783],[-47.8162,-4.6147]]]}},{"type":"Feature","properties":{"codigo_ibge":"1506195","municipio":"Rurópolis"},"geometry":{"type":"Polygon","coordinates":[[[-54.8419,-4.4102],[-54.838,-4.3901],[-54.8757,-4.3405],[-54.858,-4.3123],[-54.8477,-4.2588],[-54.8265,-4.2344],[-54.7954,-4.2261],[-54.8184,-4.1781],[-54.8129,-4.1372],[-54.7877,-4.1317],[-54.7733,-4.0463],[-54.7408,-4.0375],[-54.7612,-3.9892],[-54.7542,-3.939],[-54.7849,-3.9389],[-54.7468,-3.8867],[-54.7556,-3.8509],[-54.717,-3.8449],[-54.6998,-3.7906],[-54.7349,-3.7707],[-54.7552,-3.7824],[-54.8223,-3.7741],[-54.8538,-3.7301],[-54.9019,-3.7243],[-54.9029,-3.757],[-54.9439,-3.8091],[-54.9807,-3.8477],[-55.0156,-3.8586],[-55.0025,-3.8922],[-55.018,-3.9213],[-55.0733,-3.9375],[-55.0942,-3.9087],[-55.0932,-3.8727],[-55.1466,-3.8661],[-55.2191,-3.8952],[-55.2416,-3.8898],[-55.2819,-3.9217],[-55.3258,-3.9251],[-55.3146,-3.9831],[-55.2993,-4.0005],[-55.3171,-4.0777],[-55.5319,-4.1542],[-55.5648,-4.1413],[-55.5576,-4.0253],[-55.5747,-4.0053],[-55.6036,-4.0223],[-55.6234,-4.06],[-55.6542,-4.0907],[-55.7282,-4.1256],[-55.8745,-4.2159],[-55.8463,-4.2703],[-55.8001,-4.2896],[-55.7351,-4.2439],[-55.68,-4.3033],[-55.6568,-4.3061],[-55.6261,-4.3725],[-55.6245,-4.4094],[-55.6693,-4.4552],[-55.6511,-4.5184],[-55.6063,-4.5055],[-55.5708,-4.5376],[-55.5532,-4.5324],[-55.5264,-4.6043],[-55.4978,-4.6204],[-55.4607,-4.609],[-55.379,-4.6392],[-55.3384,-4.6302],[-55.3099,-4.6652],[-55.2687,-4.6671],[-55.2224,-4.6428],[-55.1553,-4.6417],[-55.1283,-4.604],[-55.0578,-4.599],[-55.0048,-4.5782],[-54.9809,-4.5916],[-54.9202,-4.5373],[-54.9295,-4.4902],[-54.9013,-4.4602],[-54.8559,-4.44],[-54.8419,-4.4102]]]}},{"type":"Feature","properties":{"codigo_ibge":"1506203","municipio":"Salinópolis"},"geometry":{"type":"Polygon","coordinates":[[[-47.2619,-0.6478],[-47.2809,-0.6382],[-47.2864,-0.603],[-47.3164,-0.5922],[-47.3863,-0.6047],[-47.3953,-0.6538],[-47.426,-0.6573],[-47.3946,-0.7267],[-47.3966,-0.8154],[-47.3773,-0.8226],[-47.3494,-0.7093],[-47.319,-0.7122],[-47.2991,-0.6885],[-47.2561,-0.666],[-47.2619,-0.6478]]]}},{"type":"Feature","properties":{"codigo_ibge":"1506302","municipio":"Salvaterra"},"geometry":{"type":"Polygon","coordinates":[[[-48.962,-0.6515],[-48.7569,-0.7511],[-48.6909,-0.8785],[-48.6381,-0.896],[-48.6305,-0.9311],[-48.5294,-0.9733],[-48.463,-0.9706],[-48.4395,-0.9788],[-48.4096,-0.9058],[-48.4747,-0.8739],[-48.5061,-0.8104],[-48.5061,-0.7509],[-48.5725,-0.6805],[-48.6221,-0.6646],[-48.6929,-0.6576],[-48.7212,-0.6675],[-48.824,-0.6499],[-48.962,-0.6515]]]}},{"type":"Feature","properties":{"codigo_ibge":"1506351","municipio":"Santa Bárbara do Pará"},"geometry":{"type":"Polygon","coordinates":[[[-48.3358,-1.2503],[-48.2639,-1.2709],[-48.2416,-1.2952],[-48.2074,-1.2572],[-48.2032,-1.2365],[-48.1375,-1.1999],[-48.1525,-1.1666],[-48.2166,-1.1445],[-48.2417,-1.0891],[-48.2767,-1.109],[-48.3018,-1.1064],[-48.3101,-1.163],[-48.353,-1.221],[-48.3358,-1.2503]]]}},{"type":"Feature","properties":{"codigo_ibge":"1506401","municipio":"Santa Cruz do Arari"},"geometry":{"type":"Polygon","coordinates":[[[-49.1919,-0.7404],[-49.1536,-0.7055],[-49.1377,-0.6542],[-49.1475,-0.6091],[-49.1841,-0.5821],[-49.208,-0.51],[-49.2192,-0.4835],[-49.2682,-0.4528],[-49.3063,-0.3699],[-49.3357,-0.3373],[-49.3937,-0.3775],[-49.4179,-0.5019],[-49.4493,-0.5292],[-49.4489,-0.588],[-49.4893,-0.667],[-49.4863,-0.6687],[-49.3625,-0.7383],[-49.3206,-0.7255],[-49.299,-0.7719],[-49.2759,-0.7571],[-49.2495,-0.7676],[-49.2138,-0.7328],[-49.1919,-0.7404]]]}},{"type":"Feature","properties":{"codigo_ibge":"1506500","municipio":"Santa Izabel do Pará"},"geometry":{"type":"Polygon","coordinates":[[[-48.2603,-1.4667],[-48.2046,-1.4919],[-48.1851,-1.524],[-48.1284,-1.5473],[-48.1015,-1.5397],[-48.1343,-1.5152],[-48.0004,-1.436],[-47.9861,-1.4222],[-48.0255,-1.4129],[-48.036,-1.2084],[-48.1375,-1.1999],[-48.2032,-1.2365],[-48.2074,-1.2572],[-48.2317,-1.3749],[-48.2457,-1.3996],[-48.2347,-1.4295],[-48.2603,-1.4667]]]}},{"type":"Feature","properties":{"codigo_ibge":"1506559","municipio":"Santa Luzia do Pará"},"geometry":{"type":"Polygon","coordinates":[[[-47.0148,-1.8576],[-46.9712,-1.9262],[-46.9128,-1.9737],[-46.8996,-2.0109],[-46.935,-2.075],[-46.911,-2.113],[-46.9047,-2.1565],[-46.8666,-2.1236],[-46.8693,-2.0972],[-46.8508,-2.0637],[-46.8444,-1.8998],[-46.8329,-1.8649],[-46.8342,-1.8047],[-46.8472,-1.7157],[-46.7931,-1.7163],[-46.8022,-1.6643],[-46.7954,-1.5913],[-46.8183,-1.5476],[-46.8764,-1.5627],[-46.8452,-1.4663],[-46.8608,-1.442],[-46.9096,-1.4266],[-46.9413,-1.2942],[-46.9974,-1.3085],[-47.0207,-1.3311],[-47.0809,-1.2963],[-47.1341,-1.3129],[-47.1531,-1.3652],[-47.0694,-1.3858],[-47.0377,-1.4185],[-47.0584,-1.4561],[-46.9757,-1.5075],[-46.9797,-1.5965],[-46.9883,-1.6217],[-46.9272,-1.674],[-46.9515,-1.7025],[-46.9444,-1.7485],[-46.9902,-1.8409],[-47.0148,-1.8576]]]}},{"type":"Feature","properties":{"codigo_ibge":"1506583","municipio":"Santa Maria das Barreiras"},"geometry":{"type":"Polygon","coordinates":[[[-51.0271,-8.7316],[-50.9728,-8.7151],[-50.8865,-8.7588],[-50.902,-8.8059],[-50.8791,-8.8786],[-50.8764,-8.9539],[-50.8403,-8.9674],[-50.8068,-8.9584],[-50.7333,-8.9616],[-50.6939,-8.9834],[-50.6793,-8.927],[-50.6357,-8.92],[-50.5991,-8.928],[-50.5781,-8.9582],[-50.52,-8.973],[-50.4403,-8.963],[-50.3823,-8.9712],[-50.334,-8.9671],[-50.3032,-8.9384],[-50.2553,-8.9216],[-50.2099,-8.9378],[-50.143,-8.9796],[-50.0784,-8.9917],[-50.0019,-9.0734],[-49.9589,-9.1092],[-49.8847,-9.0974],[-49.8626,-9.0815],[-49.8514,-9.0637],[-49.8426,-9.0273],[-49.7937,-8.9794],[-49.7677,-8.9337],[-49.6844,-8.8565],[-49.5924,-8.8395],[-49.5434,-8.7614],[-49.4818,-8.6737],[-49.5396,-8.7035],[-49.5473,-8.7318],[-49.5841,-8.7879],[-49.6315,-8.7947],[-49.6578,-8.771],[-49.7025,-8.7609],[-49.7346,-8.7235],[-49.7587,-8.6741],[-49.7775,-8.5731],[-49.7019,-8.5027],[-49.6593,-8.5005],[-49.6591,-8.286],[-49.6839,-8.2794],[-49.7154,-8.2937],[-49.7397,-8.3346],[-49.7598,-8.3427],[-49.8268,-8.3318],[-49.8671,-8.3576],[-49.8814,-8.3856],[-49.9201,-8.3944],[-49.9485,-8.3769],[-49.9961,-8.3961],[-50.0381,-8.3884],[-50.0701,-8.3604],[-50.0884,-8.3705],[-50.163,-8.3464],[-50.1875,-8.3603],[-50.2144,-8.3453],[-50.2329,-8.2911],[-50.2732,-8.2448],[-50.3456,-8.1861],[-50.4037,-8.2005],[-50.4243,-8.2159],[-50.4619,-8.2037],[-50.4815,-8.179],[-50.5264,-8.1784],[-50.5986,-8.2098],[-50.5996,-8.1913],[-50.6285,-8.201],[-50.6617,-8.2465],[-50.7041,-8.246],[-50.7459,-8.2643],[-50.7344,-8.2947],[-50.7664,-8.3196],[-50.8177,-8.2963],[-50.8335,-8.3256],[-50.8674,-8.3367],[-50.8859,-8.3928],[-50.8696,-8.4126],[-50.9095,-8.4463],[-50.9461,-8.5312],[-50.9354,-8.5721],[-50.9786,-8.6232],[-51.0209,-8.6406],[-51.0469,-8.6771],[-51.0271,-8.7316]]]}},{"type":"Feature","properties":{"codigo_ibge":"1506609","municipio":"Santa Maria do Pará"},"geometry":{"type":"Polygon","coordinates":[[[-47.6531,-1.4311],[-47.4186,-1.4954],[-47.4363,-1.4465],[-47.4275,-1.37],[-47.4289,-1.3006],[-47.481,-1.2641],[-47.496,-1.2369],[-47.6013,-1.3232],[-47.6384,-1.3747],[-47.6384,-1.3748],[-47.6531,-1.4311]]]}},{"type":"Feature","properties":{"codigo_ibge":"1506708","municipio":"Santana do Araguaia"},"geometry":{"type":"Polygon","coordinates":[[[-50.846,-9.8006],[-50.5006,-9.824],[-50.2248,-9.8412],[-50.1991,-9.7617],[-50.15,-9.6928],[-50.1378,-9.6248],[-50.1074,-9.5943],[-50.0896,-9.5457],[-50.1053,-9.4754],[-50.0901,-9.4316],[-50.0528,-9.3727],[-50.0555,-9.3347],[-50.0378,-9.2894],[-50.0027,-9.2653],[-49.9969,-9.2377],[-49.9669,-9.2311],[-49.9054,-9.1697],[-49.8626,-9.0815],[-49.8847,-9.0974],[-49.9589,-9.1092],[-50.0019,-9.0734],[-50.0784,-8.9917],[-50.143,-8.9796],[-50.2099,-8.9378],[-50.2553,-8.9216],[-50.3032,-8.9384],[-50.334,-8.9671],[-50.3823,-8.9712],[-50.4403,-8.963],[-50.52,-8.973],[-50.5781,-8.9582],[-50.5991,-8.928],[-50.6357,-8.92],[-50.6793,-8.927],[-50.6939,-8.9834],[-50.7333,-8.9616],[-50.8068,-8.9584],[-50.8403,-8.9674],[-50.8764,-8.9539],[-50.8791,-8.8786],[-50.902,-8.8059],[-50.8865,-8.7588],[-50.9728,-8.7151],[-51.0271,-8.7316],[-51.0237,-8.7702],[-51.0399,-8.8303],[-51.0363,-8.8537],[-51.0753,-8.902],[-51.1032,-8.8993],[-51.1116,-8.9274],[-51.0835,-8.9374],[-51.0555,-8.9806],[-51.1011,-9.0416],[-51.0905,-9.0704],[-51.1233,-9.127],[-51.0556,-9.1886],[-51.0638,-9.2492],[-51.0836,-9.2616],[-51.0711,-9.2927],[-51.0777,-9.3344],[-51.0592,-9.3661],[-51.0659,-9.4304],[-51.0876,-9.4837],[-51.1191,-9.493],[-51.14,-9.5595],[-51.1862,-9.524],[-51.2575,-9.5757],[-51.2614,-9.6149],[-51.2854,-9.6989],[-51.3043,-9.7729],[-50.846,-9.8006]]]}},{"type":"Feature","properties":{"codigo_ibge":"1506807","municipio":"Santarém"},"geometry":{"type":"Polygon","coordinates":[[[-54.8324,-2.6611],[-54.7764,-2.6611],[-54.7389,-2.65],[-54.7181,-2.5936],[-54.625,-2.6208],[-54.6003,-2.6536],[-54.5653,-2.6727],[-54.4819,-2.7785],[-54.4668,-2.787],[-54.3898,-2.7811],[-54.3667,-2.7875],[-54.3304,-2.8743],[-54.2944,-2.8864],[-54.25,-2.9522],[-54.2603,-2.9992],[-54.225,-3.075],[-54.2283,-3.1378],[-54.2474,-3.1432],[-54.2489,-3.2665],[-54.2139,-3.2334],[-54.2079,-3.2091],[-54.1099,-3.1704],[-54.1029,-3.1323],[-54.07,-3.1144],[-54.0507,-3.0825],[-54.046,-2.9988],[-54.0888,-2.961],[-54.103,-2.8865],[-54.1122,-2.8865],[-54.1116,-2.7546],[-54.1589,-2.7229],[-54.1484,-2.7016],[-54.2118,-2.6168],[-54.2546,-2.5785],[-54.2263,-2.4818],[-54.2659,-2.4154],[-54.3282,-2.3995],[-54.5123,-2.1094],[-54.5514,-2.0886],[-54.6161,-2.0781],[-54.6927,-2.0827],[-54.7388,-2.0715],[-54.7843,-2.1175],[-54.8429,-2.1416],[-54.888,-2.1291],[-54.9395,-2.1323],[-54.9888,-2.1616],[-55.0949,-2.1669],[-55.0699,-2.2328],[-55.128,-2.2632],[-55.1615,-2.2561],[-55.1977,-2.2268],[-55.2839,-2.2159],[-55.3592,-2.1741],[-55.3708,-2.1376],[-55.4068,-2.1301],[-55.4689,-2.1317],[-55.5766,-2.1703],[-55.6216,-2.1583],[-55.6187,-2.1831],[-55.6597,-2.1971],[-55.6923,-2.2623],[-55.774,-2.2976],[-55.8133,-2.3337],[-55.8191,-2.3766],[-56.0013,-2.6835],[-56.3446,-3.2648],[-55.8857,-3.2514],[-55.3751,-3.2363],[-55.3469,-3.2217],[-55.2917,-3.2403],[-55.2339,-3.2419],[-55.1866,-3.0907],[-55.1616,-2.9787],[-55.127,-2.9008],[-55.1023,-2.8203],[-55.0941,-2.7516],[-55.0584,-2.5493],[-54.9562,-2.5494],[-54.9583,-2.5707],[-54.8301,-2.5706],[-54.8093,-2.6401],[-54.8324,-2.6611]]]}},{"type":"Feature","properties":{"codigo_ibge":"1506906","municipio":"Santarém Novo"},"geometry":{"type":"Polygon","coordinates":[[[-47.2247,-0.9638],[-47.2428,-0.9188],[-47.2941,-0.8429],[-47.3335,-0.8421],[-47.3584,-0.8553],[-47.3811,-0.8365],[-47.384,-0.8716],[-47.425,-0.8997],[-47.4019,-0.952],[-47.4129,-0.9766],[-47.4029,-0.9772],[-47.2944,-0.969],[-47.2247,-0.9638]]]}},{"type":"Feature","properties":{"codigo_ibge":"1507003","municipio":"Santo Antônio do Tauá"},"geometry":{"type":"Polygon","coordinates":[[[-48.1375,-1.1999],[-48.036,-1.2084],[-47.9692,-1.2026],[-48.0215,-1.1338],[-48.1115,-1.0154],[-48.1279,-1.033],[-48.1768,-1.026],[-48.2138,-1.0068],[-48.2745,-1.0207],[-48.3072,-1.0191],[-48.4393,-0.9825],[-48.4695,-1.0194],[-48.3238,-1.0597],[-48.3018,-1.1064],[-48.2767,-1.109],[-48.2417,-1.0891],[-48.2166,-1.1445],[-48.1525,-1.1666],[-48.1375,-1.1999]]]}},{"type":"Feature","properties":{"codigo_ibge":"1507102","municipio":"São Caetano de Odivelas"},"geometry":{"type":"Polygon","coordinates":[[[-48.1416,-0.7542],[-48.0745,-0.7759],[-48.0609,-0.799],[-48.0686,-0.9062],[-48.0721,-1.065],[-47.9431,-1.0388],[-47.9195,-0.9731],[-47.9885,-0.9448],[-48.0019,-0.8847],[-48.0197,-0.8616],[-48.0133,-0.812],[-48.0215,-0.7796],[-47.984,-0.7607],[-47.9519,-0.7768],[-47.9615,-0.6988],[-47.977,-0.6862],[-48.0197,-0.6866],[-48.0514,-0.6595],[-48.1416,-0.7542]]]}},{"type":"Feature","properties":{"codigo_ibge":"1507151","municipio":"São Domingos do Araguaia"},"geometry":{"type":"Polygon","coordinates":[[[-48.9447,-5.5529],[-48.9435,-5.6158],[-48.9335,-5.6538],[-48.8904,-5.6888],[-48.8588,-5.7516],[-48.8168,-5.8062],[-48.7312,-5.8601],[-48.6849,-5.8905],[-48.6358,-5.876],[-48.6233,-5.8875],[-48.6119,-5.8746],[-48.6329,-5.8272],[-48.6077,-5.8018],[-48.6009,-5.7314],[-48.5865,-5.7004],[-48.5039,-5.6469],[-48.4617,-5.6009],[-48.5582,-5.5592],[-48.5797,-5.5374],[-48.6146,-5.5444],[-48.6577,-5.5357],[-48.7283,-5.4928],[-48.8068,-5.4729],[-48.8528,-5.4804],[-48.9447,-5.5529]]]}},{"type":"Feature","properties":{"codigo_ibge":"1507201","municipio":"São Domingos do Capim"},"geometry":{"type":"Polygon","coordinates":[[[-47.6203,-1.6319],[-47.6591,-1.6492],[-47.6862,-1.6364],[-47.7741,-1.6718],[-47.8241,-1.6289],[-47.8577,-1.6293],[-47.8809,-1.6619],[-47.8714,-1.7395],[-47.8894,-1.7697],[-47.8787,-1.8423],[-47.8989,-1.8775],[-47.9076,-1.9666],[-47.926,-2.0067],[-47.9812,-2.0703],[-47.9886,-2.0966],[-47.9792,-2.1179],[-47.9936,-2.1589],[-47.9671,-2.2218],[-47.943,-2.226],[-47.9322,-2.1907],[-47.8497,-2.1721],[-47.8387,-2.1302],[-47.8122,-2.0941],[-47.7941,-2.0392],[-47.7463,-2.0009],[-47.587,-2.0003],[-47.6149,-1.9234],[-47.5894,-1.8775],[-47.5791,-1.8574],[-47.587,-1.8135],[-47.5615,-1.7826],[-47.5838,-1.6889],[-47.6014,-1.6775],[-47.6203,-1.6319]]]}},{"type":"Feature","properties":{"codigo_ibge":"1507300","municipio":"São Félix do Xingu"},"geometry":{"type":"Polygon","coordinates":[[[-53.1334,-9.6452],[-52.6193,-9.6823],[-52.2567,-9.7077],[-51.7243,-9.7446],[-51.3043,-9.7729],[-51.2854,-9.6989],[-51.3177,-9.6775],[-51.3229,-9.5924],[-51.3671,-9.5521],[-51.3858,-9.5133],[-51.4356,-9.4704],[-51.4378,-9.4401],[-51.4888,-9.3812],[-51.4638,-9.3405],[-51.4868,-9.3098],[-51.4839,-9.2632],[-51.5133,-9.1998],[-51.5438,-9.1843],[-51.5732,-9.1425],[-51.564,-9.0819],[-51.5949,-9.0887],[-51.696,-9.0321],[-51.7356,-8.9838],[-51.728,-8.9497],[-51.742,-8.8873],[-51.7844,-8.8827],[-51.8584,-8.9059],[-51.881,-8.8974],[-51.9222,-8.8528],[-51.9166,-8.8115],[-51.8236,-8.7625],[-51.7795,-8.7252],[-51.7712,-8.6065],[-51.8057,-8.5447],[-51.783,-8.4564],[-51.7644,-8.4317],[-51.7817,-8.3797],[-51.8558,-8.4263],[-51.9379,-8.4408],[-51.955,-8.4208],[-51.9971,-8.4243],[-52.0251,-8.4066],[-52.0327,-8.3373],[-52.0779,-8.3136],[-52.0833,-8.2777],[-52.0724,-8.2151],[-52.1188,-8.1798],[-52.145,-8.0603],[-52.1637,-8.0335],[-52.1421,-7.9936],[-52.1659,-7.9741],[-52.173,-7.9105],[-52.1665,-7.883],[-52.1307,-7.8668],[-52.1456,-7.8136],[-52.1035,-7.767],[-52.0382,-7.7291],[-51.9986,-7.7424],[-51.9623,-7.7709],[-51.9342,-7.7231],[-51.8825,-7.7021],[-51.8833,-7.5894],[-51.8671,-7.5303],[-51.7654,-7.3704],[-51.7763,-7.324],[-51.7538,-7.3084],[-51.7495,-7.2738],[-51.6613,-7.1907],[-51.6543,-7.152],[-51.6644,-7.1119],[-51.6573,-7.0865],[-51.6839,-7.0226],[-51.7248,-6.9692],[-51.7248,-6.933],[-51.6936,-6.9321],[-51.6942,-6.8518],[-51.7202,-6.8445],[-51.731,-6.7988],[-51.6658,-6.8068],[-51.5873,-6.748],[-51.5886,-6.7071],[-51.5495,-6.6712],[-51.5061,-6.6463],[-51.4419,-6.6378],[-51.4286,-6.6249],[-51.3115,-6.5741],[-51.2369,-6.6208],[-51.1774,-6.6154],[-51.1253,-6.6238],[-51.1444,-6.5907],[-51.146,-6.5147],[-51.1835,-6.4672],[-51.1577,-6.4538],[-51.1422,-6.4229],[-51.1523,-6.3502],[-51.199,-6.2868],[-51.1605,-6.2662],[-51.1488,-6.2167],[-51.2039,-6.1714],[-51.2457,-6.1724],[-51.2809,-6.1027],[-51.3481,-6.0553],[-51.3916,-6.0549],[-51.3933,-6.0162],[-51.3574,-5.9669],[-51.3298,-5.9636],[-51.2637,-5.995],[-51.222,-5.9635],[-51.1776,-5.9658],[-51.1643,-5.928],[-51.1261,-5.9188],[-51.1058,-5.8501],[-51.111,-5.8147],[-51.0864,-5.781],[-51.0316,-5.7694],[-51.022,-5.787],[-50.9462,-5.8037],[-50.899,-5.6943],[-50.8471,-5.7064],[-50.8782,-5.6325],[-50.9245,-5.6307],[-50.9528,-5.6143],[-50.9451,-5.5872],[-50.9564,-5.5405],[-50.9474,-5.5258],[-50.8743,-5.4915],[-50.8793,-5.449],[-50.8636,-5.4225],[-50.7869,-5.3997],[-50.7987,-5.3621],[-50.7918,-5.315],[-50.7543,-5.308],[-50.7671,-5.2238],[-50.7235,-5.2178],[-50.7202,-5.1747],[-50.7532,-5.1759],[-50.8132,-5.1522],[-50.8465,-5.1652],[-50.9302,-5.1506],[-51.4478,-5.1502],[-52.0511,-5.1514],[-52.076,-5.2156],[-52.0685,-5.243],[-52.1053,-5.2714],[-52.1195,-5.3142],[-52.1483,-5.3161],[-52.284,-5.2576],[-52.274,-5.2294],[-52.2953,-5.1944],[-52.3462,-5.1803],[-52.3748,-5.2046],[-52.408,-5.1836],[-52.4264,-5.154],[-52.4501,-5.185],[-52.4855,-5.1984],[-52.5273,-5.2299],[-52.5609,-5.2172],[-52.6122,-5.2431],[-52.658,-5.2978],[-52.6422,-5.3557],[-52.6442,-5.3966],[-52.6727,-5.4331],[-52.6727,-5.4759],[-52.6919,-5.5163],[-52.6828,-5.582],[-52.6992,-5.6231],[-52.6902,-5.6537],[-52.7427,-5.684],[-52.7715,-5.7223],[-52.8023,-5.7157],[-52.8322,-5.6899],[-52.8514,-5.7101],[-52.8962,-5.7057],[-52.9394,-5.744],[-52.9319,-5.7912],[-52.9522,-5.7986],[-52.9759,-5.8451],[-53.0195,-5.8569],[-53.0591,-5.8861],[-53.1094,-5.872],[-53.1491,-5.9378],[-53.2024,-5.9586],[-53.2183,-5.9428],[-53.2792,-5.9818],[-53.271,-6.0198],[-53.369,-6.058],[-53.3827,-6.0816],[-53.3712,-6.1177],[-53.3409,-6.1319],[-53.3514,-6.1719],[-53.3069,-6.1657],[-53.2672,-6.2543],[-53.2602,-6.2893],[-53.2265,-6.295],[-53.1912,-6.4006],[-53.2131,-6.4244],[-53.1818,-6.4587],[-53.2146,-6.4695],[-53.2374,-6.5004],[-53.2574,-6.4651],[-53.2967,-6.4583],[-53.3256,-6.4767],[-53.3143,-6.4995],[-53.3424,-6.553],[-53.3739,-6.594],[-53.4072,-6.5618],[-53.4419,-6.5616],[-53.4669,-6.6103],[-53.4685,-6.6347],[-53.4496,-6.6861],[-53.4279,-6.6738],[-53.3949,-6.7176],[-53.3685,-6.7233],[-53.3442,-6.7494],[-53.2741,-6.7675],[-53.2473,-6.7869],[-53.248,-6.8315],[-53.2888,-6.865],[-53.3116,-6.9161],[-53.2826,-6.937],[-53.2788,-6.9656],[-53.3174,-7.0275],[-53.3076,-7.0746],[-53.2537,-7.1146],[-53.2717,-7.1594],[-53.3154,-7.203],[-53.2814,-7.2327],[-53.2349,-7.2985],[-53.1654,-7.3571],[-53.1784,-7.3804],[-53.1476,-7.3988],[-53.1201,-7.3955],[-53.1243,-7.4458],[-53.0924,-7.4776],[-53.1384,-7.5465],[-53.1681,-7.5539],[-53.1129,-7.6288],[-53.1001,-7.6821],[-53.0581,-7.6878],[-53.0373,-7.7214],[-53.0347,-7.776],[-52.9959,-7.7967],[-52.9921,-7.8277],[-53.0306,-7.86],[-53.0274,-7.8814],[-53.0661,-7.9121],[-53.0376,-7.9305],[-53.0098,-7.9978],[-52.9562,-8.0711],[-52.9654,-8.1215],[-52.9253,-8.1626],[-52.9396,-8.2059],[-52.9631,-8.2365],[-52.9907,-8.3075],[-52.9796,-8.3379],[-52.9412,-8.3467],[-52.9432,-8.3878],[-52.9166,-8.4136],[-52.9199,-8.4345],[-52.9552,-8.4413],[-52.9455,-8.4866],[-52.9206,-8.4958],[-52.9147,-8.5316],[-52.8883,-8.5833],[-52.8967,-8.6276],[-52.9289,-8.6296],[-52.9436,-8.6874],[-52.9319,-8.73],[-53.0063,-8.7048],[-53.0369,-8.7286],[-53.0352,-8.7518],[-52.9991,-8.8043],[-52.9926,-8.8508],[-53.0175,-8.9225],[-53.0552,-8.954],[-53.0401,-8.9751],[-53.052,-9.0029],[-53.0382,-9.0422],[-53.0161,-9.0644],[-53.0848,-9.1161],[-53.0813,-9.1434],[-53.023,-9.1567],[-52.9722,-9.2103],[-52.9752,-9.2441],[-52.9226,-9.3804],[-52.9396,-9.4214],[-52.9951,-9.4753],[-53.0425,-9.4773],[-53.0567,-9.5305],[-53.1125,-9.5524],[-53.1334,-9.6452]]]}},{"type":"Feature","properties":{"codigo_ibge":"1507409","municipio":"São Francisco do Pará"},"geometry":{"type":"Polygon","coordinates":[[[-47.8112,-1.0657],[-47.8383,-1.1305],[-47.8353,-1.1597],[-47.8081,-1.2079],[-47.8305,-1.2296],[-47.8455,-1.2866],[-47.7787,-1.3052],[-47.6384,-1.3748],[-47.6384,-1.3747],[-47.6549,-1.2405],[-47.7089,-1.2583],[-47.7306,-1.2451],[-47.6921,-1.2122],[-47.6797,-1.1834],[-47.6958,-1.1354],[-47.6913,-1.1111],[-47.7066,-1.0573],[-47.778,-1.0607],[-47.8112,-1.0657]]]}},{"type":"Feature","properties":{"codigo_ibge":"1507458","municipio":"São Geraldo do Araguaia"},"geometry":{"type":"Polygon","coordinates":[[[-49.1991,-6.2642],[-49.1619,-6.2668],[-49.1065,-6.3178],[-49.0552,-6.3496],[-49.0509,-6.3768],[-49.0003,-6.3854],[-48.9457,-6.4288],[-48.9408,-6.4062],[-48.964,-6.3422],[-48.96,-6.3125],[-48.8844,-6.3111],[-48.8562,-6.3506],[-48.7961,-6.3791],[-48.7499,-6.3785],[-48.6261,-6.4785],[-48.6072,-6.448],[-48.5406,-6.4008],[-48.5002,-6.3509],[-48.4477,-6.3512],[-48.3827,-6.3796],[-48.3757,-6.345],[-48.4171,-6.2986],[-48.4127,-6.2813],[-48.4361,-6.2014],[-48.4319,-6.1773],[-48.3913,-6.1467],[-48.3972,-6.1287],[-48.4398,-6.1177],[-48.4831,-6.0939],[-48.5306,-6.0345],[-48.5842,-5.9922],[-48.6453,-5.9971],[-48.6609,-5.9838],[-48.6233,-5.8875],[-48.6358,-5.876],[-48.6849,-5.8905],[-48.7312,-5.8601],[-48.8522,-5.9651],[-49.1991,-6.2642]]]}},{"type":"Feature","properties":{"codigo_ibge":"1507466","municipio":"São João da Ponta"},"geometry":{"type":"Polygon","coordinates":[[[-47.9519,-0.7768],[-47.984,-0.7607],[-48.0215,-0.7796],[-48.0133,-0.812],[-48.0197,-0.8616],[-48.0019,-0.8847],[-47.9885,-0.9448],[-47.9195,-0.9731],[-47.901,-0.9315],[-47.9325,-0.9033],[-47.9205,-0.8617],[-47.9243,-0.8284],[-47.9589,-0.7921],[-47.9519,-0.7768]]]}},{"type":"Feature","properties":{"codigo_ibge":"1507474","municipio":"São João de Pirabas"},"geometry":{"type":"Polygon","coordinates":[[[-47.0637,-0.7946],[-47.0858,-0.7509],[-47.0743,-0.7048],[-47.092,-0.6741],[-47.1212,-0.6762],[-47.1327,-0.7224],[-47.1605,-0.7623],[-47.1709,-0.6763],[-47.2092,-0.6961],[-47.2048,-0.65],[-47.2182,-0.6327],[-47.262,-0.6243],[-47.2619,-0.6478],[-47.2561,-0.666],[-47.2991,-0.6885],[-47.319,-0.7122],[-47.3494,-0.7093],[-47.3773,-0.8226],[-47.3811,-0.8365],[-47.3584,-0.8553],[-47.3335,-0.8421],[-47.2941,-0.8429],[-47.2428,-0.9188],[-47.1885,-0.8953],[-47.1338,-0.8999],[-47.0839,-0.832],[-47.0637,-0.7946]]]}},{"type":"Feature","properties":{"codigo_ibge":"1507508","municipio":"São João do Araguaia"},"geometry":{"type":"Polygon","coordinates":[[[-48.9447,-5.5529],[-48.8528,-5.4804],[-48.8068,-5.4729],[-48.7283,-5.4928],[-48.6577,-5.5357],[-48.6146,-5.5444],[-48.5797,-5.5374],[-48.5582,-5.5592],[-48.4617,-5.6009],[-48.4285,-5.5746],[-48.3863,-5.5569],[-48.363,-5.5218],[-48.3281,-5.4966],[-48.3472,-5.4354],[-48.3935,-5.3942],[-48.4415,-5.408],[-48.5139,-5.4298],[-48.5575,-5.4167],[-48.5967,-5.4225],[-48.6291,-5.4101],[-48.6505,-5.3849],[-48.7369,-5.374],[-48.7552,-5.3492],[-48.8632,-5.3413],[-48.9259,-5.3011],[-48.9926,-5.2833],[-49.0356,-5.3366],[-49.0104,-5.3686],[-49.0055,-5.4102],[-49.0153,-5.4601],[-48.9415,-5.5236],[-48.9447,-5.5529]]]}},{"type":"Feature","properties":{"codigo_ibge":"1507607","municipio":"São Miguel do Guamá"},"geometry":{"type":"Polygon","coordinates":[[[-47.6203,-1.6319],[-47.6176,-1.6065],[-47.5775,-1.6118],[-47.5513,-1.5986],[-47.5098,-1.6302],[-47.439,-1.6222],[-47.4258,-1.6344],[-47.3581,-1.6208],[-47.3281,-1.6059],[-47.3245,-1.5643],[-47.3404,-1.5339],[-47.2964,-1.513],[-47.3083,-1.4759],[-47.3511,-1.5004],[-47.3626,-1.4632],[-47.4186,-1.4954],[-47.6531,-1.4311],[-47.667,-1.4701],[-47.6971,-1.4831],[-47.7479,-1.481],[-47.76,-1.4526],[-47.9496,-1.5701],[-47.9441,-1.5786],[-47.9133,-1.5671],[-47.8738,-1.5933],[-47.8577,-1.6293],[-47.8241,-1.6289],[-47.7741,-1.6718],[-47.6862,-1.6364],[-47.6591,-1.6492],[-47.6203,-1.6319]]]}},{"type":"Feature","properties":{"codigo_ibge":"1507706","municipio":"São Sebastião da Boa Vista"},"geometry":{"type":"Polygon","coordinates":[[[-49.4159,-1.7189],[-49.4508,-1.6517],[-49.4964,-1.6178],[-49.5046,-1.52],[-49.5205,-1.495],[-49.5198,-1.4557],[-49.4964,-1.4212],[-49.5444,-1.3797],[-49.6006,-1.3682],[-49.5902,-1.3323],[-49.5266,-1.188],[-49.5627,-1.2079],[-49.6001,-1.2672],[-49.6822,-1.2626],[-49.7144,-1.2332],[-49.7637,-1.2618],[-49.8189,-1.2341],[-49.8766,-1.1616],[-49.8804,-1.108],[-49.9106,-1.0831],[-49.9321,-1.0956],[-49.9301,-1.1151],[-49.97,-1.1358],[-49.9882,-1.1799],[-49.9839,-1.2978],[-49.9751,-1.3006],[-49.8496,-1.3408],[-49.82,-1.3181],[-49.772,-1.3615],[-49.7239,-1.3707],[-49.7077,-1.4329],[-49.7072,-1.5038],[-49.7191,-1.53],[-49.7106,-1.6017],[-49.6827,-1.6434],[-49.6327,-1.6768],[-49.5845,-1.6801],[-49.5892,-1.7361],[-49.6078,-1.7604],[-49.5861,-1.7797],[-49.5397,-1.7801],[-49.5098,-1.7579],[-49.4159,-1.7189]]]}},{"type":"Feature","properties":{"codigo_ibge":"1507755","municipio":"Sapucaia"},"geometry":{"type":"Polygon","coordinates":[[[-49.733,-6.7175],[-49.7344,-7.0163],[-49.6852,-7.031],[-49.6465,-7.0091],[-49.5856,-7.0024],[-49.5677,-7.0093],[-49.4931,-6.9892],[-49.4631,-6.9967],[-49.4169,-6.9909],[-49.4262,-6.9424],[-49.4448,-6.9271],[-49.4273,-6.8558],[-49.3893,-6.8107],[-49.3407,-6.8288],[-49.3377,-6.7299],[-49.3764,-6.7283],[-49.418,-6.699],[-49.5429,-6.7273],[-49.5852,-6.6587],[-49.6378,-6.637],[-49.7298,-6.7147],[-49.733,-6.7175]]]}},{"type":"Feature","properties":{"codigo_ibge":"1507805","municipio":"Senador José Porfírio"},"geometry":{"type":"MultiPolygon","coordinates":[[[[-51.9581,-3.477],[-51.9921,-3.5018],[-52.0362,-3.4975],[-52.0604,-3.5275],[-52.1108,-3.5596],[-52.1681,-3.564],[-52.2042,-3.6419],[-52.2238,-3.7001],[-52.2575,-3.704],[-52.3026,-3.7505],[-52.2986,-3.848],[-52.2809,-3.8755],[-52.287,-3.9077],[-52.2782,-3.952],[-52.2906,-3.9708],[-52.3371,-3.9884],[-52.3285,-4.0113],[-52.2768,-4.032],[-52.1639,-4.06],[-52.1473,-4.0904],[-52.1225,-4.0659],[-52.0672,-4.0747],[-52.057,-4.1244],[-52.0101,-4.1772],[-51.9288,-4.2125],[-51.9151,-4.2636],[-51.8927,-4.2774],[-51.8755,-4.2368],[-51.8401,-4.2151],[-51.8167,-4.2328],[-51.8333,-4.2857],[-51.801,-4.3361],[-51.7538,-4.3224],[-51.7048,-4.3284],[-51.7012,-4.372],[-51.672,-4.3704],[-51.6623,-4.4088],[-51.7179,-4.4552],[-51.7728,-4.4739],[-51.8291,-4.4363],[-51.8637,-4.4285],[-51.8806,-4.4612],[-51.9244,-4.5108],[-51.9573,-4.5779],[-52.0067,-4.6231],[-52.0503,-4.6366],[-52.08,-4.6778],[-52.0893,-4.7406],[-52.0941,-4.8269],[-52.1159,-4.8927],[-52.0825,-4.911],[-52.0429,-5.016],[-52.0728,-5.0966],[-52.0734,-5.1368],[-52.0511,-5.1514],[-51.4478,-5.1502],[-51.413,-5.1257],[-51.4126,-5.0755],[-51.4661,-4.9735],[-51.4421,-4.9211],[-51.4208,-4.9134],[-51.3992,-4.8675],[-51.3501,-4.7925],[-51.3368,-4.7402],[-51.312,-4.716],[-51.3163,-4.6665],[-51.3517,-4.6318],[-51.3445,-4.6052],[-51.3845,-4.5492],[-51.3599,-4.4852],[-51.3833,-4.4544],[-51.3655,-4.428],[-51.3224,-4.4116],[-51.3561,-4.3356],[-51.344,-4.3102],[-51.3775,-4.2476],[-51.3705,-4.1955],[-51.3956,-4.1155],[-51.4178,-4.081],[-51.3842,-4.0292],[-51.4234,-3.951],[-51.4072,-3.9134],[-51.4352,-3.884],[-51.4633,-3.8831],[-51.5007,-3.8612],[-51.524,-3.8245],[-51.5092,-3.8072],[-51.5176,-3.7696],[-51.5645,-3.7984],[-51.5952,-3.7798],[-51.5482,-3.6982],[-51.553,-3.6627],[-51.5762,-3.6512],[-51.5852,-3.5863],[-51.6597,-3.5716],[-51.714,-3.5048],[-51.802,-3.5045],[-51.8592,-3.5531],[-51.9159,-3.5311],[-51.9086,-3.5098],[-51.9581,-3.477]]],[[[-51.8545,-2.5525],[-51.8722,-2.5493],[-51.9197,-2.4932],[-51.9574,-2.5221],[-51.9888,-2.5757],[-52.0024,-2.6306],[-52.0549,-2.6862],[-52.065,-2.7378],[-52.0439,-2.7925],[-51.9934,-2.8665],[-51.9446,-2.8804],[-51.8909,-2.9513],[-51.8499,-3.0187],[-51.8533,-3.0443],[-51.8276,-3.082],[-51.7819,-3.117],[-51.7514,-3.1076],[-51.6786,-3.0106],[-51.6455,-3.0158],[-51.6273,-3.001],[-51.686,-2.9082],[-51.6938,-2.8589],[-51.7483,-2.8455],[-51.7979,-2.7278],[-51.8201,-2.6976],[-51.8558,-2.5945],[-51.8545,-2.5525]]]]}},{"type":"Feature","properties":{"codigo_ibge":"1507904","municipio":"Soure"},"geometry":{"type":"Polygon","coordinates":[[[-48.962,-0.6515],[-48.824,-0.6499],[-48.7212,-0.6675],[-48.6929,-0.6576],[-48.6221,-0.6646],[-48.5725,-0.6805],[-48.5061,-0.7509],[-48.488,-0.734],[-48.4706,-0.6141],[-48.4737,-0.5267],[-48.4411,-0.4122],[-48.3883,-0.3527],[-48.3746,-0.3031],[-48.3969,-0.2516],[-48.4288,-0.2272],[-48.5037,-0.2425],[-48.6385,-0.2323],[-48.712,-0.2518],[-48.7437,-0.2499],[-48.8101,-0.2148],[-48.9179,-0.2296],[-48.9228,-0.2914],[-49.0066,-0.4453],[-48.9978,-0.5006],[-48.962,-0.6515]]]}},{"type":"Feature","properties":{"codigo_ibge":"1507953","municipio":"Tailândia"},"geometry":{"type":"Polygon","coordinates":[[[-48.8282,-2.6015],[-48.835,-2.6386],[-48.8937,-2.6838],[-48.9397,-2.7302],[-48.9454,-2.7537],[-48.9911,-2.7959],[-48.9802,-2.8321],[-49.0322,-2.8577],[-49.0372,-2.9099],[-49.0049,-2.9481],[-48.9915,-2.9843],[-48.9905,-3.0633],[-48.947,-3.0862],[-48.9119,-3.1513],[-48.967,-3.2169],[-48.9531,-3.3124],[-48.9259,-3.407],[-48.8945,-3.3756],[-48.8745,-3.3894],[-48.8195,-3.3801],[-48.7995,-3.3594],[-48.757,-3.3435],[-48.69,-3.2932],[-48.6675,-3.254],[-48.6329,-3.2296],[-48.5906,-3.2255],[-48.5306,-3.1957],[-48.5173,-3.1401],[-48.4939,-3.0977],[-48.5284,-3.0544],[-48.5174,-3.0428],[-48.5573,-2.9623],[-48.5329,-2.919],[-48.5277,-2.8824],[-48.4788,-2.8315],[-48.4975,-2.8109],[-48.4843,-2.766],[-48.4646,-2.7428],[-48.4549,-2.6886],[-48.4745,-2.6559],[-48.4633,-2.6013],[-48.492,-2.5915],[-48.4954,-2.559],[-48.5674,-2.4832],[-48.5939,-2.4828],[-48.6284,-2.4513],[-48.6941,-2.4677],[-48.6865,-2.432],[-48.6965,-2.3978],[-48.7373,-2.4317],[-48.7548,-2.4308],[-48.8084,-2.5005],[-48.8246,-2.5356],[-48.8156,-2.5641],[-48.8282,-2.6015]]]}},{"type":"Feature","properties":{"codigo_ibge":"1507961","municipio":"Terra Alta"},"geometry":{"type":"Polygon","coordinates":[[[-47.9431,-1.0388],[-47.8714,-1.0603],[-47.8112,-1.0657],[-47.778,-1.0607],[-47.7687,-0.9726],[-47.8096,-0.9549],[-47.8148,-0.922],[-47.839,-0.9473],[-47.901,-0.9315],[-47.9195,-0.9731],[-47.9431,-1.0388]]]}},{"type":"Feature","properties":{"codigo_ibge":"1507979","municipio":"Terra Santa"},"geometry":{"type":"Polygon","coordinates":[[[-56.0892,-1.9783],[-56.122,-1.9303],[-56.1503,-1.9348],[-56.1766,-1.9636],[-56.2012,-1.9461],[-56.2347,-1.8998],[-56.3447,-1.9107],[-56.3755,-1.8661],[-56.4362,-1.8377],[-56.459,-1.8486],[-56.4842,-1.7998],[-56.5142,-1.8034],[-56.5508,-1.7657],[-56.5486,-1.7093],[-56.561,-1.6774],[-56.6036,-1.6701],[-56.6394,-1.6462],[-56.6735,-1.6499],[-56.6984,-1.6314],[-56.749,-1.6519],[-56.7244,-1.6788],[-56.727,-1.7272],[-56.6736,-1.758],[-56.682,-1.8039],[-56.6595,-1.8452],[-56.5983,-1.8767],[-56.5994,-1.9537],[-56.6289,-1.9812],[-56.6445,-2.0406],[-56.6194,-2.0701],[-56.6334,-2.1318],[-56.6248,-2.1661],[-56.5856,-2.1765],[-56.5271,-2.1392],[-56.4779,-2.1704],[-56.4442,-2.1539],[-56.4139,-2.1759],[-56.3678,-2.1371],[-56.3168,-2.1401],[-56.2975,-2.1008],[-56.2562,-2.0883],[-56.2284,-2.0562],[-56.1867,-2.0428],[-56.0987,-2.0269],[-56.0892,-1.9783]]]}},{"type":"Feature","properties":{"codigo_ibge":"1508001","municipio":"Tomé-Açu"},"geometry":{"type":"Polygon","coordinates":[[[-47.952,-2.5171],[-48.0105,-2.515],[-48.0468,-2.4734],[-48.0326,-2.4507],[-48.0318,-2.4079],[-48.0553,-2.36],[-48.0242,-2.3127],[-48.004,-2.2649],[-47.9671,-2.2218],[-47.9936,-2.1589],[-47.9792,-2.1179],[-47.9886,-2.0966],[-48.0538,-2.0845],[-48.1012,-2.0965],[-48.1258,-2.1228],[-48.1639,-2.1266],[-48.1805,-2.1615],[-48.2422,-2.1857],[-48.257,-2.2102],[-48.2873,-2.1887],[-48.3298,-2.1777],[-48.3719,-2.2347],[-48.379,-2.2607],[-48.4109,-2.2879],[-48.4415,-2.2952],[-48.4577,-2.3232],[-48.4585,-2.3902],[-48.4838,-2.4106],[-48.4982,-2.4532],[-48.4971,-2.5084],[-48.5122,-2.5196],[-48.4954,-2.559],[-48.492,-2.5915],[-48.4633,-2.6013],[-48.4745,-2.6559],[-48.4549,-2.6886],[-48.4646,-2.7428],[-48.4843,-2.766],[-48.4975,-2.8109],[-48.4788,-2.8315],[-48.5277,-2.8824],[-48.5329,-2.919],[-48.5573,-2.9623],[-48.5174,-3.0428],[-48.5284,-3.0544],[-48.4939,-3.0977],[-48.5173,-3.1401],[-48.5306,-3.1957],[-48.4863,-3.2337],[-48.4484,-3.2376],[-48.415,-3.2008],[-48.3915,-3.2165],[-48.3324,-3.1975],[-48.3088,-3.1644],[-48.3197,-3.1444],[-48.3053,-3.1008],[-48.2858,-3.0936],[-48.2531,-3.1168],[-48.2481,-3.0733],[-48.2147,-3.0123],[-48.2024,-2.9698],[-48.1798,-2.9489],[-48.1287,-2.9473],[-48.091,-2.8999],[-48.0888,-2.8428],[-48.0737,-2.7751],[-48.0391,-2.7114],[-48.0474,-2.6483],[-48.0286,-2.6246],[-47.9793,-2.5978],[-47.932,-2.5431],[-47.952,-2.5171]]]}},{"type":"Feature","properties":{"codigo_ibge":"1508035","municipio":"Tracuateua"},"geometry":{"type":"Polygon","coordinates":[[[-46.796,-0.8705],[-46.8339,-0.8259],[-46.8243,-0.7912],[-46.836,-0.7467],[-46.8624,-0.7417],[-46.8837,-0.7672],[-46.8837,-0.8076],[-46.9128,-0.8211],[-46.9161,-0.8524],[-46.9426,-0.8593],[-46.9735,-0.8725],[-47.0056,-0.9191],[-46.9945,-0.9479],[-47.002,-1.0116],[-46.9653,-1.0431],[-46.9853,-1.0774],[-46.9785,-1.1042],[-47.0145,-1.1385],[-47.0539,-1.1568],[-47.0576,-1.196],[-47.1874,-1.3894],[-47.1876,-1.3939],[-47.1531,-1.3652],[-47.1341,-1.3129],[-47.0809,-1.2963],[-47.0207,-1.3311],[-46.9974,-1.3085],[-47.0017,-1.2534],[-47.0262,-1.2056],[-46.9838,-1.2146],[-46.9593,-1.2572],[-46.8571,-1.0899],[-46.8396,-0.998],[-46.8355,-0.9347],[-46.8056,-0.9271],[-46.8143,-0.8941],[-46.796,-0.8705]]]}},{"type":"Feature","properties":{"codigo_ibge":"1508050","municipio":"Trairão"},"geometry":{"type":"Polygon","coordinates":[[[-55.2799,-5.5156],[-55.3206,-5.4508],[-55.3136,-5.4314],[-55.3487,-5.383],[-55.3904,-5.3886],[-55.4162,-5.4198],[-55.4749,-5.3829],[-55.4897,-5.3166],[-55.5035,-5.2977],[-55.5483,-5.285],[-55.5823,-5.2967],[-55.6239,-5.2523],[-55.6138,-5.2318],[-55.574,-5.2321],[-55.5935,-5.1962],[-55.4502,-5.1779],[-55.4243,-5.1239],[-55.3891,-5.1045],[-55.3863,-5.0734],[-55.3573,-5.0536],[-55.3634,-5.0141],[-55.4121,-4.9418],[-55.4283,-4.9332],[-55.446,-4.8418],[-55.4817,-4.8159],[-55.5291,-4.7971],[-55.4828,-4.7357],[-55.5281,-4.6956],[-55.6346,-4.6901],[-55.7106,-4.6732],[-55.7185,-4.6515],[-55.7594,-4.6294],[-55.7928,-4.6294],[-55.8818,-4.5954],[-55.9424,-4.5493],[-55.9739,-4.5366],[-56.0168,-4.5567],[-56.023,-4.5858],[-56.0915,-4.6206],[-56.0574,-4.7047],[-56.0696,-4.7265],[-56.0484,-4.7672],[-56.0242,-4.7863],[-56.0459,-4.8501],[-56.0817,-4.8194],[-56.1265,-4.8437],[-56.1618,-4.8301],[-56.1782,-4.7818],[-56.1589,-4.7531],[-56.1822,-4.7107],[-56.1577,-4.6738],[-56.1739,-4.6033],[-56.1999,-4.6032],[-56.2609,-4.5671],[-56.2845,-4.6056],[-56.3878,-4.6787],[-56.4065,-4.7226],[-56.44,-4.7619],[-56.4571,-4.8469],[-56.4517,-4.9021],[-56.4974,-4.9197],[-56.4912,-4.9724],[-56.4503,-5.005],[-56.4441,-5.0413],[-56.4728,-5.0837],[-56.4842,-5.1209],[-56.5126,-5.1472],[-56.5409,-5.1487],[-56.5601,-5.2041],[-56.619,-5.2211],[-56.664,-5.2895],[-56.6472,-5.3349],[-56.6034,-5.3801],[-56.613,-5.4648],[-56.596,-5.5039],[-56.5949,-5.5448],[-56.5547,-5.553],[-56.5206,-5.5891],[-56.4838,-5.5833],[-56.4699,-5.6278],[-56.4493,-5.6441],[-56.4081,-5.6421],[-56.4081,-5.6177],[-56.3682,-5.5857],[-56.2883,-5.6122],[-56.2232,-5.623],[-56.1926,-5.6144],[-56.13,-5.6432],[-56.1206,-5.6193],[-56.0571,-5.6518],[-56.0417,-5.6787],[-55.9991,-5.663],[-56.0245,-5.6215],[-55.9377,-5.586],[-55.9426,-5.4753],[-55.9283,-5.4471],[-55.974,-5.3945],[-55.9583,-5.3639],[-55.9307,-5.368],[-55.8973,-5.4084],[-55.8609,-5.4046],[-55.8223,-5.4612],[-55.7879,-5.4832],[-55.7495,-5.4886],[-55.714,-5.5408],[-55.7041,-5.5824],[-55.66,-5.5682],[-55.596,-5.5141],[-55.2799,-5.5156]]]}},{"type":"Feature","properties":{"codigo_ibge":"1508084","municipio":"Tucumã"},"geometry":{"type":"Polygon","coordinates":[[[-51.6839,-7.0226],[-51.6691,-6.9968],[-51.612,-7.01],[-51.5408,-7.0028],[-51.4471,-7.0073],[-51.3879,-7.0479],[-51.3335,-7.0441],[-51.3024,-7.0021],[-51.2655,-6.9721],[-51.2067,-6.9617],[-51.1701,-6.9155],[-51.1026,-6.8783],[-51.1034,-6.7363],[-51.0753,-6.6792],[-51.1253,-6.6238],[-51.1774,-6.6154],[-51.2369,-6.6208],[-51.3115,-6.5741],[-51.4286,-6.6249],[-51.4419,-6.6378],[-51.5061,-6.6463],[-51.5495,-6.6712],[-51.5886,-6.7071],[-51.5873,-6.748],[-51.6658,-6.8068],[-51.731,-6.7988],[-51.7202,-6.8445],[-51.6942,-6.8518],[-51.6936,-6.9321],[-51.7248,-6.933],[-51.7248,-6.9692],[-51.6839,-7.0226]]]}},{"type":"Feature","properties":{"codigo_ibge":"1508100","municipio":"Tucuruí"},"geometry":{"type":"Polygon","coordinates":[[[-49.6069,-4.0729],[-49.6168,-4.0513],[-49.6149,-3.8731],[-49.6414,-3.8349],[-49.6393,-3.8023],[-49.6611,-3.7401],[-49.6604,-3.6848],[-49.6358,-3.6261],[-49.5976,-3.5131],[-49.6621,-3.5359],[-49.6745,-3.5857],[-49.7223,-3.5992],[-49.7418,-3.5927],[-49.7823,-3.6276],[-49.8074,-3.626],[-49.8581,-3.6438],[-49.8725,-3.665],[-49.9095,-3.6603],[-49.9541,-3.6735],[-49.9655,-3.661],[-49.9683,-3.6836],[-49.998,-3.7138],[-49.958,-3.7877],[-49.9827,-3.848],[-50.0127,-3.8594],[-50.0178,-3.905],[-50.0558,-3.922],[-50.071,-3.9606],[-50.1211,-3.9848],[-50.1308,-4.0274],[-50.1073,-4.0315],[-50.1085,-4.078],[-50.0459,-4.0753],[-49.9825,-4.0531],[-49.9311,-4.0718],[-49.9007,-4.0242],[-49.8483,-3.9678],[-49.8096,-4.0368],[-49.8064,-4.0712],[-49.6069,-4.0729]]]}},{"type":"Feature","properties":{"codigo_ibge":"1508126","municipio":"Ulianópolis"},"geometry":{"type":"Polygon","coordinates":[[[-48.0324,-3.8222],[-47.9927,-3.8546],[-47.9774,-3.919],[-47.9558,-3.9465],[-47.9179,-3.968],[-47.8994,-4.0133],[-47.8523,-4.0467],[-47.7831,-4.0602],[-47.7212,-4.0292],[-47.6794,-4.0686],[-47.5691,-4.0929],[-47.5055,-4.1384],[-47.4638,-4.1556],[-47.4173,-4.1404],[-47.3718,-4.1103],[-47.3472,-4.1087],[-47.3187,-4.0476],[-47.2931,-4.0523],[-47.2405,-4.0004],[-47.1952,-3.9856],[-47.1687,-3.9406],[-47.1731,-3.9238],[-47.1352,-3.902],[-47.1275,-3.8766],[-47.0852,-3.8566],[-47.0534,-3.7466],[-47.0392,-3.6728],[-47.0509,-3.6534],[-47.0306,-3.6046],[-47.0383,-3.5643],[-47.0939,-3.6219],[-47.1469,-3.6195],[-47.2236,-3.5224],[-47.1932,-3.5125],[-47.2079,-3.4489],[-47.2992,-3.4566],[-47.3376,-3.4503],[-47.3526,-3.4729],[-47.4415,-3.5221],[-47.4936,-3.5444],[-47.5944,-3.5733],[-47.6599,-3.5839],[-47.6806,-3.6357],[-47.7368,-3.6992],[-47.8252,-3.6833],[-47.8608,-3.7022],[-47.8824,-3.7318],[-47.9587,-3.7343],[-48.0324,-3.8222]]]}},{"type":"Feature","properties":{"codigo_ibge":"1508159","municipio":"Uruará"},"geometry":{"type":"Polygon","coordinates":[[[-53.1566,-3.665],[-53.224,-3.5965],[-53.2511,-3.514],[-53.264,-3.4961],[-53.3314,-3.5111],[-53.3997,-3.514],[-53.4336,-3.5364],[-53.474,-3.5419],[-53.4987,-3.5159],[-53.4771,-3.4661],[-53.4991,-3.4381],[-53.4871,-3.3997],[-53.4974,-3.3738],[-53.5089,-3.2784],[-53.5255,-3.2295],[-53.553,-3.2148],[-53.5576,-3.1891],[-53.5863,-3.1746],[-53.6352,-3.0985],[-53.6648,-3.0418],[-53.7149,-3.0157],[-53.7945,-3.0204],[-53.834,-2.9709],[-53.8308,-2.9168],[-53.8554,-2.8875],[-54.103,-2.8865],[-54.0888,-2.961],[-54.046,-2.9988],[-54.0507,-3.0825],[-54.07,-3.1144],[-54.1029,-3.1323],[-54.1099,-3.1704],[-54.2079,-3.2091],[-54.2139,-3.2334],[-54.2489,-3.2665],[-54.2641,-3.3103],[-54.2558,-3.3553],[-54.289,-3.3782],[-54.286,-3.4024],[-54.258,-3.449],[-54.2693,-3.5678],[-54.247,-3.5922],[-54.224,-3.6433],[-54.2536,-3.6617],[-54.2544,-3.6929],[-54.1526,-3.7775],[-54.1693,-3.8242],[-54.1477,-3.8371],[-54.1101,-3.8256],[-54.1177,-3.8742],[-54.1102,-3.974],[-54.1351,-3.9881],[-54.1374,-4.0321],[-54.0545,-4.0725],[-54.0858,-4.0993],[-54.0938,-4.1585],[-54.0829,-4.1827],[-54.1108,-4.2122],[-54.1001,-4.2319],[-54.0431,-4.2191],[-54.0483,-4.2496],[-54.0238,-4.2669],[-53.9869,-4.2427],[-53.9867,-4.2153],[-53.9462,-4.2197],[-53.9024,-4.1829],[-53.8524,-4.1971],[-53.843,-4.1499],[-53.7578,-4.1186],[-53.6401,-4.096],[-53.6372,-4.1134],[-53.5763,-4.1049],[-53.5711,-4.0832],[-53.5063,-4.0555],[-53.5245,-4.0091],[-53.5191,-3.9653],[-53.4831,-3.9619],[-53.4364,-3.9764],[-53.4189,-3.9549],[-53.4308,-3.9273],[-53.4082,-3.9013],[-53.3349,-3.8724],[-53.3243,-3.8452],[-53.2679,-3.8223],[-53.2364,-3.7898],[-53.2456,-3.7356],[-53.179,-3.6737],[-53.1566,-3.665]]]}},{"type":"Feature","properties":{"codigo_ibge":"1508209","municipio":"Vigia"},"geometry":{"type":"Polygon","coordinates":[[[-48.2138,-1.0068],[-48.1768,-1.026],[-48.1279,-1.033],[-48.1115,-1.0154],[-48.0215,-1.1338],[-47.9917,-1.1029],[-47.9749,-1.0623],[-47.9431,-1.0388],[-48.0721,-1.065],[-48.0686,-0.9062],[-48.0609,-0.799],[-48.0745,-0.7759],[-48.1416,-0.7542],[-48.1716,-0.8164],[-48.1486,-0.8378],[-48.1756,-0.9499],[-48.1928,-0.9955],[-48.2138,-1.0068]]]}},{"type":"Feature","properties":{"codigo_ibge":"1508308","municipio":"Viseu"},"geometry":{"type":"MultiPolygon","coordinates":[[[[-46.3152,-1.7416],[-46.295,-1.7266],[-46.2476,-1.7209],[-46.2212,-1.7313],[-46.2035,-1.7053],[-46.1741,-1.7005],[-46.1553,-1.6754],[-46.1613,-1.6228],[-46.1336,-1.5818],[-46.1441,-1.5178],[-46.1761,-1.4774],[-46.1436,-1.4497],[-46.1535,-1.4256],[-46.1146,-1.3519],[-46.1333,-1.3097],[-46.1616,-1.2819],[-46.1401,-1.2477],[-46.133,-1.2104],[-46.1041,-1.202],[-46.0871,-1.1344],[-46.0634,-1.1062],[-46.0946,-1.0206],[-46.1413,-1.0582],[-46.1605,-1.0052],[-46.1786,-1.0028],[-46.1841,-1.0531],[-46.2154,-1.0263],[-46.2128,-0.9793],[-46.1757,-0.9428],[-46.2007,-0.8869],[-46.2648,-0.9134],[-46.2667,-0.9613],[-46.2877,-0.9994],[-46.3374,-1.0215],[-46.3432,-1.1032],[-46.385,-1.2122],[-46.5485,-1.3354],[-46.8242,-1.5433],[-46.8183,-1.5476],[-46.7954,-1.5913],[-46.8022,-1.6643],[-46.7931,-1.7163],[-46.8472,-1.7157],[-46.8342,-1.8047],[-46.8329,-1.8649],[-46.8444,-1.8998],[-46.6069,-2.2372],[-46.6055,-2.2231],[-46.6157,-2.1913],[-46.5892,-2.1519],[-46.5949,-2.0804],[-46.5809,-2.0014],[-46.5812,-1.9439],[-46.6091,-1.9165],[-46.6108,-1.8755],[-46.6353,-1.7719],[-46.5879,-1.711],[-46.5607,-1.6971],[-46.5725,-1.6675],[-46.5322,-1.615],[-46.5084,-1.6643],[-46.4462,-1.7028],[-46.4235,-1.6986],[-46.3908,-1.7212],[-46.3152,-1.7416]]],[[[-46.3114,-1.006],[-46.3066,-0.9433],[-46.34,-0.9598],[-46.3114,-1.006]]]]}},{"type":"Feature","properties":{"codigo_ibge":"1508357","municipio":"Vitória do Xingu"},"geometry":{"type":"Polygon","coordinates":[[[-51.9581,-3.477],[-51.9086,-3.5098],[-51.9159,-3.5311],[-51.8592,-3.5531],[-51.802,-3.5045],[-51.7959,-3.4838],[-51.7241,-3.4872],[-51.7184,-3.4518],[-51.7506,-3.4248],[-51.752,-3.3941],[-51.7341,-3.3203],[-51.702,-3.2492],[-51.632,-3.2529],[-51.6088,-3.1522],[-51.6845,-3.1561],[-51.6704,-3.1324],[-51.7514,-3.1076],[-51.7819,-3.117],[-51.8276,-3.082],[-51.8533,-3.0443],[-51.8499,-3.0187],[-51.8909,-2.9513],[-51.9446,-2.8804],[-51.9934,-2.8665],[-52.0439,-2.7925],[-52.1077,-2.7951],[-52.1577,-2.8106],[-52.2341,-2.81],[-52.2765,-2.8302],[-52.2776,-2.8655],[-52.3237,-2.9063],[-52.3175,-2.9723],[-52.349,-3.0063],[-52.3697,-3.0518],[-52.3593,-3.0755],[-52.3445,-3.0546],[-52.2981,-3.0337],[-52.2594,-2.9897],[-52.2281,-2.9989],[-52.2201,-3.0659],[-52.1629,-3.1166],[-52.1671,-3.15],[-52.1299,-3.1761],[-52.1159,-3.2201],[-52.0822,-3.2573],[-52.0587,-3.2666],[-51.9762,-3.3903],[-51.9512,-3.4138],[-51.9581,-3.477]]]}},{"type":"Feature","properties":{"codigo_ibge":"1508407","municipio":"Xinguara"},"geometry":{"type":"Polygon","coordinates":[[[-50.3764,-7.2528],[-49.988,-7.1846],[-49.5877,-7.1125],[-49.1935,-7.0407],[-49.2174,-6.9615],[-49.2095,-6.9254],[-49.1719,-6.8929],[-49.1153,-6.8699],[-49.0834,-6.8433],[-49.1247,-6.8219],[-49.4113,-6.4453],[-49.6378,-6.637],[-49.5852,-6.6587],[-49.5429,-6.7273],[-49.418,-6.699],[-49.3764,-6.7283],[-49.3377,-6.7299],[-49.3407,-6.8288],[-49.3893,-6.8107],[-49.4273,-6.8558],[-49.4448,-6.9271],[-49.4262,-6.9424],[-49.4169,-6.9909],[-49.4631,-6.9967],[-49.4931,-6.9892],[-49.5677,-7.0093],[-49.5856,-7.0024],[-49.6465,-7.0091],[-49.6852,-7.031],[-49.7344,-7.0163],[-49.733,-6.7175],[-50.0711,-7.0002],[-50.3764,-7.2528]]]}}]}